{"type": "FeatureCollection", "name": "KP2_PARCEL", "layer2_metadata": {"preprocessed_at": "2026-09-11T18:39:16.906876+00:00", "source_file": "kp2_parcel.geojson", "feature_count_raw": 575, "feature_count_clean": 575, "repaired_count": 0, "duplicate_count": 0, "crs_validation": "CRS: urn:ogc:def:crs:ogc:1.3:crs84 [OK]  (EPSG:4326 / OGC CRS84)"}, "features": [{"type": "Feature", "properties": {"fid": 1, "name": "India Expo Mart", "area_m2": 42881.263, "est_height": 9.0, "building": "retail", "floor_count": 3, "source_layer": "Layer2-preprocessed", "preprocessed_at": "2026-09-11T18:39:06.883621+00:00"}, "geometry": {"type": "Polygon", "coordinates": [[[77.4983424, 28.4617267], [77.499602, 28.46036], [77.5004566, 28.4609508], [77.500602, 28.4608047], [77.500711, 28.4607796], [77.5008279, 28.4608001], [77.5014329, 28.4612544], [77.4999458, 28.4628688], [77.4983424, 28.4617267]]]}}, {"type": "Feature", "properties": {"fid": 2, "name": null, "area_m2": 1093.224, "est_height": 18.0, "building": "yes", "floor_count": 6, "source_layer": "Layer2-preprocessed", "preprocessed_at": "2026-09-11T18:39:06.884008+00:00"}, "geometry": {"type": "Polygon", "coordinates": [[[77.4929312, 28.4568298], [77.4928741, 28.4567821], [77.4928429, 28.456811], [77.4928032, 28.4567778], [77.4928652, 28.4567205], [77.4926103, 28.4565075], [77.4927803, 28.4563502], [77.4930049, 28.4565378], [77.492951, 28.4565877], [77.4930781, 28.4566938], [77.4929312, 28.4568298]]]}}, {"type": "Feature", "properties": {"fid": 3, "name": null, "area_m2": 341.927, "est_height": 12.0, "building": "yes", "floor_count": 4, "source_layer": "Layer2-preprocessed", "preprocessed_at": "2026-09-11T18:39:06.884370+00:00"}, "geometry": {"type": "Polygon", "coordinates": [[[77.4948127, 28.4579016], [77.4948769, 28.4578211], [77.4949104, 28.4578417], [77.4949173, 28.4578331], [77.4949435, 28.4578492], [77.4949621, 28.457826], [77.4950956, 28.4579084], [77.4950226, 28.4579997], [77.4949725, 28.4579687], [77.4949527, 28.4579936], [77.4949807, 28.4580109], [77.4949712, 28.4580228], [77.4948298, 28.4579356], [77.4948424, 28.4579199], [77.4948127, 28.4579016]]]}}, {"type": "Feature", "properties": {"fid": 4, "name": null, "area_m2": 1224.243, "est_height": 18.0, "building": "yes", "floor_count": 6, "source_layer": "Layer2-preprocessed", "preprocessed_at": "2026-09-11T18:39:06.884655+00:00"}, "geometry": {"type": "Polygon", "coordinates": [[[77.4936069, 28.4581325], [77.493456, 28.458021], [77.493671, 28.4577961], [77.4937057, 28.4578217], [77.4937254, 28.457801], [77.4936908, 28.4577754], [77.4938828, 28.4575745], [77.4940311, 28.457684], [77.4938796, 28.4578426], [77.4938905, 28.4578507], [77.4938096, 28.4579353], [77.4937653, 28.4579026], [77.4937414, 28.4579276], [77.4937774, 28.4579542], [77.4936069, 28.4581325]]]}}, {"type": "Feature", "properties": {"fid": 5, "name": null, "area_m2": 1323.308, "est_height": 18.0, "building": "yes", "floor_count": 6, "source_layer": "Layer2-preprocessed", "preprocessed_at": "2026-09-11T18:39:06.884986+00:00"}, "geometry": {"type": "Polygon", "coordinates": [[[77.4967829, 28.456692], [77.4966359, 28.4565829], [77.4967656, 28.4564477], [77.4967997, 28.456473], [77.4969803, 28.4562849], [77.4969462, 28.4562596], [77.4970968, 28.4561026], [77.4972384, 28.4562077], [77.497231, 28.4562154], [77.4972621, 28.4562384], [77.497121, 28.4563855], [77.4970982, 28.4563685], [77.4969897, 28.4564816], [77.4970125, 28.4564985], [77.4968776, 28.4566391], [77.496828, 28.4566024], [77.4968, 28.4566316], [77.4968239, 28.4566493], [77.4967829, 28.456692]]]}}, {"type": "Feature", "properties": {"fid": 6, "name": null, "area_m2": 1346.2, "est_height": 18.0, "building": "yes", "floor_count": 6, "source_layer": "Layer2-preprocessed", "preprocessed_at": "2026-09-11T18:39:06.885336+00:00"}, "geometry": {"type": "Polygon", "coordinates": [[[77.4952289, 28.4578228], [77.4951818, 28.4577841], [77.4952262, 28.4577422], [77.4951619, 28.4576895], [77.4951175, 28.4577314], [77.4950606, 28.4576849], [77.4951964, 28.4575568], [77.4951731, 28.4575377], [77.4954503, 28.4572763], [77.4955804, 28.4573829], [77.4955033, 28.4574557], [77.4955788, 28.4575175], [77.4955341, 28.4575596], [77.4955136, 28.4575428], [77.495436, 28.4576159], [77.495472, 28.4576454], [77.4954096, 28.4577043], [77.4953802, 28.4576801], [77.4952289, 28.4578228]]]}}, {"type": "Feature", "properties": {"fid": 7, "name": null, "area_m2": 1483.75, "est_height": 18.0, "building": "yes", "floor_count": 6, "source_layer": "Layer2-preprocessed", "preprocessed_at": "2026-09-11T18:39:06.885627+00:00"}, "geometry": {"type": "Polygon", "coordinates": [[[77.4933394, 28.4561427], [77.4932455, 28.456129], [77.4933094, 28.4558694], [77.4931957, 28.4559953], [77.4931929, 28.4559939], [77.4930765, 28.455923], [77.4932094, 28.4557713], [77.4933196, 28.4557087], [77.4934128, 28.4557122], [77.4935539, 28.4558088], [77.4937323, 28.4559467], [77.4936425, 28.4560334], [77.4933879, 28.4558297], [77.4933146, 28.4558537], [77.4933675, 28.4559199], [77.493426, 28.4559082], [77.4935178, 28.456088], [77.4935194, 28.4561204], [77.4933394, 28.4561427]]]}}, {"type": "Feature", "properties": {"fid": 8, "name": null, "area_m2": 708.479, "est_height": 12.0, "building": "yes", "floor_count": 4, "source_layer": "Layer2-preprocessed", "preprocessed_at": "2026-09-11T18:39:06.886180+00:00"}, "geometry": {"type": "Polygon", "coordinates": [[[77.4947713, 28.4569303], [77.4946171, 28.4568329], [77.4946426, 28.4567937], [77.494329, 28.4565711], [77.4944157, 28.4564843], [77.4947865, 28.4567785], [77.4948041, 28.4568104], [77.4948128, 28.4568319], [77.4948101, 28.4568566], [77.4947959, 28.4568875], [77.4947713, 28.4569303]]]}}, {"type": "Feature", "properties": {"fid": 9, "name": null, "area_m2": 3058.617, "est_height": 9.0, "building": "yes", "floor_count": 3, "source_layer": "Layer2-preprocessed", "preprocessed_at": "2026-09-11T18:39:06.886784+00:00"}, "geometry": {"type": "Polygon", "coordinates": [[[77.4923003, 28.4572041], [77.4925454, 28.4569356], [77.4927036, 28.4570472], [77.4927326, 28.4570677], [77.4928147, 28.4569777], [77.4931418, 28.4572239], [77.4930663, 28.457296], [77.4930877, 28.4573205], [77.4931959, 28.457283], [77.4933373, 28.4573617], [77.4933573, 28.457496], [77.4933869, 28.4575168], [77.4932579, 28.4576581], [77.4932054, 28.4576211], [77.4931385, 28.4576065], [77.493027, 28.45757], [77.4929259, 28.4574133], [77.4929523, 28.4573949], [77.4926061, 28.457144], [77.492453, 28.4573118], [77.4923003, 28.4572041]]]}}, {"type": "Feature", "properties": {"fid": 10, "name": null, "area_m2": 962.181, "est_height": 18.0, "building": "yes", "floor_count": 6, "source_layer": "Layer2-preprocessed", "preprocessed_at": "2026-09-11T18:39:06.887445+00:00"}, "geometry": {"type": "Polygon", "coordinates": [[[77.4929031, 28.4568711], [77.4927036, 28.4570472], [77.4926169, 28.456972], [77.4926823, 28.4569164], [77.4924499, 28.456705], [77.4924799, 28.4566795], [77.4924545, 28.4566565], [77.4925095, 28.4566097], [77.4925198, 28.456619], [77.49257, 28.4565763], [77.4926641, 28.4566618], [77.4926476, 28.4566759], [77.4926706, 28.4566968], [77.4927, 28.4566717], [77.4927375, 28.4567058], [77.4927291, 28.4567129], [77.4928183, 28.456794], [77.4927898, 28.4568182], [77.4928139, 28.4568402], [77.4928424, 28.4568159], [77.4929031, 28.4568711]]]}}, {"type": "Feature", "properties": {"fid": 11, "name": null, "area_m2": 1532.637, "est_height": 18.0, "building": "yes", "floor_count": 6, "source_layer": "Layer2-preprocessed", "preprocessed_at": "2026-09-11T18:39:06.888012+00:00"}, "geometry": {"type": "Polygon", "coordinates": [[[77.4952215, 28.4579005], [77.4953237, 28.457798], [77.4954054, 28.457861], [77.4954576, 28.4578087], [77.4953758, 28.4577457], [77.4954916, 28.4576296], [77.4955675, 28.4576881], [77.4956044, 28.4576511], [77.4955286, 28.4575926], [77.4956422, 28.4574786], [77.4958647, 28.4576501], [77.4957644, 28.4577508], [77.4956747, 28.4576816], [77.4956243, 28.4577321], [77.495714, 28.4578013], [77.4956079, 28.4579076], [77.4955564, 28.4578679], [77.4955083, 28.4579161], [77.4955599, 28.4579558], [77.495444, 28.458072], [77.4952215, 28.4579005]]]}}, {"type": "Feature", "properties": {"fid": 12, "name": null, "area_m2": 416.842, "est_height": 12.0, "building": "yes", "floor_count": 4, "source_layer": "Layer2-preprocessed", "preprocessed_at": "2026-09-11T18:39:06.888517+00:00"}, "geometry": {"type": "Polygon", "coordinates": [[[77.4947572, 28.4578601], [77.4947441, 28.4578512], [77.4947315, 28.4578656], [77.4946734, 28.4578261], [77.4946923, 28.4578046], [77.494653, 28.457778], [77.4946341, 28.4577995], [77.4945617, 28.4577504], [77.4945792, 28.4577305], [77.4945685, 28.4577233], [77.4946522, 28.4576279], [77.4946734, 28.4576423], [77.4946848, 28.4576293], [77.4948518, 28.4577426], [77.4948434, 28.4577521], [77.4948515, 28.4577575], [77.4948342, 28.4577772], [77.4948421, 28.4577826], [77.4947798, 28.4578537], [77.4947692, 28.4578465], [77.4947572, 28.4578601]]]}}, {"type": "Feature", "properties": {"fid": 13, "name": null, "area_m2": 359.982, "est_height": 12.0, "building": "yes", "floor_count": 4, "source_layer": "Layer2-preprocessed", "preprocessed_at": "2026-09-11T18:39:06.888953+00:00"}, "geometry": {"type": "Polygon", "coordinates": [[[77.4950305, 28.4581081], [77.495039, 28.4580983], [77.4950293, 28.4580918], [77.4950554, 28.4580616], [77.4950764, 28.4580757], [77.4950887, 28.4580616], [77.4950676, 28.4580475], [77.4951054, 28.4580039], [77.4951433, 28.4580292], [77.4951548, 28.4580159], [77.4952066, 28.4580505], [77.4951873, 28.4580728], [77.4952324, 28.4581029], [77.4952516, 28.4580807], [77.4953168, 28.4581242], [77.4952626, 28.4581868], [77.4952767, 28.4581962], [77.4952276, 28.458253], [77.4951363, 28.4581919], [77.495154, 28.4581714], [77.4951134, 28.4581442], [77.4951276, 28.4581278], [77.495119, 28.4581221], [77.4950942, 28.4581507], [77.4950305, 28.4581081]]]}}, {"type": "Feature", "properties": {"fid": 14, "name": null, "area_m2": 789.658, "est_height": 12.0, "building": "yes", "floor_count": 4, "source_layer": "Layer2-preprocessed", "preprocessed_at": "2026-09-11T18:39:06.889467+00:00"}, "geometry": {"type": "Polygon", "coordinates": [[[77.4966512, 28.4573501], [77.4966205, 28.4573223], [77.4965844, 28.4573533], [77.4964963, 28.4572738], [77.4965492, 28.4572284], [77.4966089, 28.4572822], [77.4966596, 28.4572388], [77.4965999, 28.457185], [77.4966193, 28.4571683], [77.4966558, 28.4572012], [77.4966809, 28.4571797], [77.4966072, 28.4571132], [77.4965738, 28.4571418], [77.4964725, 28.4570482], [77.4965588, 28.4569715], [77.4966198, 28.4569777], [77.4966448, 28.4569562], [77.4968105, 28.4571057], [77.4968045, 28.4571109], [77.4968168, 28.457122], [77.4968, 28.4571364], [77.49682, 28.4571545], [77.4968086, 28.4571643], [77.4968375, 28.4571904], [77.4966512, 28.4573501]]]}}, {"type": "Feature", "properties": {"fid": 15, "name": null, "area_m2": 120.209, "est_height": 6.0, "building": "yes", "floor_count": 2, "source_layer": "Layer2-preprocessed", "preprocessed_at": "2026-09-11T18:39:06.889877+00:00"}, "geometry": {"type": "Polygon", "coordinates": [[[77.4934256, 28.4572898], [77.4932993, 28.4572019], [77.4933478, 28.457148], [77.4934741, 28.457236], [77.4934256, 28.4572898]]]}}, {"type": "Feature", "properties": {"fid": 16, "name": null, "area_m2": 1533.233, "est_height": 18.0, "building": "yes", "floor_count": 6, "source_layer": "Layer2-preprocessed", "preprocessed_at": "2026-09-11T18:39:06.890217+00:00"}, "geometry": {"type": "Polygon", "coordinates": [[[77.4938915, 28.4574846], [77.4942672, 28.4570635], [77.4944747, 28.4572066], [77.4940991, 28.4576277], [77.4938915, 28.4574846]]]}}, {"type": "Feature", "properties": {"fid": 17, "name": null, "area_m2": 1341.973, "est_height": 18.0, "building": "yes", "floor_count": 6, "source_layer": "Layer2-preprocessed", "preprocessed_at": "2026-09-11T18:39:06.890736+00:00"}, "geometry": {"type": "Polygon", "coordinates": [[[77.4949232, 28.4576824], [77.4947133, 28.4575358], [77.4947378, 28.4575087], [77.4947104, 28.4574895], [77.4947672, 28.4574267], [77.4947955, 28.4574465], [77.4948144, 28.4574256], [77.494899, 28.4574848], [77.4949484, 28.4574301], [77.4948568, 28.4573661], [77.4948721, 28.4573491], [77.4948595, 28.4573404], [77.4948759, 28.4573222], [77.4948671, 28.4573161], [77.4949115, 28.457267], [77.4949393, 28.4572864], [77.4949541, 28.45727], [77.4950394, 28.4573296], [77.4950945, 28.4572686], [77.495003, 28.4572047], [77.4950306, 28.4571741], [77.4950104, 28.45716], [77.4950493, 28.4571169], [77.4950237, 28.457099], [77.495058, 28.4570611], [77.4953178, 28.4572426], [77.4952785, 28.457286], [77.4952575, 28.4572713], [77.4952259, 28.4573063], [77.4952469, 28.457321], [77.4952123, 28.4573592], [77.4951248, 28.4572981], [77.4950819, 28.4573455], [77.4951609, 28.4574006], [77.4950607, 28.4575114], [77.4950087, 28.4574751], [77.495033, 28.4574482], [77.4950055, 28.4574289], [77.4949297, 28.4575127], [77.4950197, 28.4575756], [77.4949857, 28.4576132], [77.4949531, 28.4575905], [77.4949263, 28.4576201], [77.4949589, 28.4576429], [77.4949232, 28.4576824]]]}}, {"type": "Feature", "properties": {"fid": 18, "name": null, "area_m2": 311.087, "est_height": 12.0, "building": "yes", "floor_count": 4, "source_layer": "Layer2-preprocessed", "preprocessed_at": "2026-09-11T18:39:06.891002+00:00"}, "geometry": {"type": "Polygon", "coordinates": [[[77.49429, 28.4580022], [77.4944376, 28.4578508], [77.4945219, 28.4579085], [77.4945032, 28.4579315], [77.4945065, 28.4579806], [77.4944704, 28.458044], [77.4944113, 28.4580541], [77.4943825, 28.4580787], [77.49429, 28.4580022]]]}}, {"type": "Feature", "properties": {"fid": 19, "name": null, "area_m2": 1342.982, "est_height": 18.0, "building": "yes", "floor_count": 6, "source_layer": "Layer2-preprocessed", "preprocessed_at": "2026-09-11T18:39:06.891286+00:00"}, "geometry": {"type": "Polygon", "coordinates": [[[77.493194, 28.4565756], [77.493039, 28.4564586], [77.4930648, 28.4564322], [77.4928373, 28.4562606], [77.4929957, 28.4560982], [77.4932685, 28.456304], [77.493313, 28.4562584], [77.4934228, 28.4563412], [77.493194, 28.4565756]]]}}, {"type": "Feature", "properties": {"fid": 20, "name": null, "area_m2": 2083.43, "est_height": 18.0, "building": "yes", "floor_count": 6, "source_layer": "Layer2-preprocessed", "preprocessed_at": "2026-09-11T18:39:06.891690+00:00"}, "geometry": {"type": "Polygon", "coordinates": [[[77.4965549, 28.4576737], [77.4961587, 28.4573841], [77.496182, 28.4573595], [77.4960509, 28.4572637], [77.4963771, 28.4569187], [77.496506, 28.4570128], [77.4964725, 28.4570482], [77.4963203, 28.4572093], [77.4967187, 28.4575004], [77.4965549, 28.4576737]]]}}, {"type": "Feature", "properties": {"fid": 21, "name": null, "area_m2": 324.214, "est_height": 12.0, "building": "yes", "floor_count": 4, "source_layer": "Layer2-preprocessed", "preprocessed_at": "2026-09-11T18:39:06.892084+00:00"}, "geometry": {"type": "Polygon", "coordinates": [[[77.4971662, 28.4521924], [77.4972401, 28.4521075], [77.4973274, 28.4521663], [77.4973571, 28.4521321], [77.4974477, 28.4521931], [77.4973305, 28.4523277], [77.49729, 28.4523004], [77.4973036, 28.4522848], [77.4971662, 28.4521924]]]}}, {"type": "Feature", "properties": {"fid": 22, "name": null, "area_m2": 1085.541, "est_height": 18.0, "building": "yes", "floor_count": 6, "source_layer": "Layer2-preprocessed", "preprocessed_at": "2026-09-11T18:39:06.892397+00:00"}, "geometry": {"type": "Polygon", "coordinates": [[[77.49721, 28.4590126], [77.4969734, 28.4588462], [77.4971169, 28.4586884], [77.4971356, 28.4586679], [77.4972304, 28.4585637], [77.4973421, 28.4586423], [77.4972904, 28.4586991], [77.4974169, 28.4587881], [77.4973036, 28.4589126], [77.4973143, 28.4589201], [77.4972401, 28.4590017], [77.4972278, 28.458993], [77.49721, 28.4590126]]]}}, {"type": "Feature", "properties": {"fid": 23, "name": null, "area_m2": 543.973, "est_height": 12.0, "building": "yes", "floor_count": 4, "source_layer": "Layer2-preprocessed", "preprocessed_at": "2026-09-11T18:39:06.892980+00:00"}, "geometry": {"type": "Polygon", "coordinates": [[[77.4970854, 28.4521392], [77.4970121, 28.4520815], [77.4970202, 28.4520735], [77.4969373, 28.4520083], [77.4969292, 28.4520162], [77.4968983, 28.4519919], [77.496947, 28.451944], [77.4969664, 28.4519592], [77.4969786, 28.4519472], [77.4969592, 28.451932], [77.496987, 28.4519047], [77.4970477, 28.4518451], [77.497246, 28.4520012], [77.4971347, 28.4521106], [77.4971235, 28.4521017], [77.4970854, 28.4521392]]]}}, {"type": "Feature", "properties": {"fid": 24, "name": null, "area_m2": 445.914, "est_height": 12.0, "building": "yes", "floor_count": 4, "source_layer": "Layer2-preprocessed", "preprocessed_at": "2026-09-11T18:39:06.893589+00:00"}, "geometry": {"type": "Polygon", "coordinates": [[[77.4968832, 28.4525459], [77.4970374, 28.4523858], [77.4972011, 28.4525077], [77.4970822, 28.4526311], [77.4970735, 28.4526247], [77.4970599, 28.4526389], [77.4970685, 28.4526453], [77.4970469, 28.4526677], [77.4970243, 28.4526509], [77.497038, 28.4526367], [77.4969988, 28.4526075], [77.4970173, 28.4525882], [77.4969887, 28.4525669], [77.4969701, 28.4525861], [77.4969365, 28.4525613], [77.4969237, 28.4525519], [77.4969102, 28.4525659], [77.4968832, 28.4525459]]]}}, {"type": "Feature", "properties": {"fid": 25, "name": null, "area_m2": 569.224, "est_height": 12.0, "building": "yes", "floor_count": 4, "source_layer": "Layer2-preprocessed", "preprocessed_at": "2026-09-11T18:39:06.894027+00:00"}, "geometry": {"type": "Polygon", "coordinates": [[[77.4973068, 28.4519267], [77.4971546, 28.4518128], [77.4971619, 28.4518053], [77.4971423, 28.4517906], [77.4972113, 28.4517194], [77.4972815, 28.4517719], [77.4973465, 28.4517047], [77.4972836, 28.4516576], [77.4973528, 28.4515861], [77.4974322, 28.4516455], [77.4974147, 28.4516636], [77.497444, 28.4516855], [77.4974615, 28.4516674], [77.4975174, 28.4517092], [77.4974393, 28.4517898], [77.4974203, 28.4517756], [77.4973662, 28.4518314], [77.4973853, 28.4518457], [77.4973068, 28.4519267]]]}}, {"type": "Feature", "properties": {"fid": 26, "name": "House 114 , judge Society", "area_m2": 665.313, "est_height": 12.0, "building": "yes", "floor_count": 4, "source_layer": "Layer2-preprocessed", "preprocessed_at": "2026-09-11T18:39:06.894788+00:00"}, "geometry": {"type": "Polygon", "coordinates": [[[77.496401, 28.4525256], [77.4965437, 28.4523602], [77.4966483, 28.4524299], [77.4966537, 28.4524236], [77.4966679, 28.4524331], [77.4966638, 28.4524379], [77.4967146, 28.4524717], [77.496706, 28.4524817], [77.4967475, 28.4525093], [77.4967267, 28.4525335], [77.4967709, 28.4525629], [77.4966874, 28.4526597], [77.4966723, 28.4526961], [77.4965361, 28.452609], [77.4965613, 28.4525781], [77.4965573, 28.4525524], [77.4965335, 28.452598], [77.4965286, 28.4525556], [77.4965506, 28.4525301], [77.4965227, 28.4525571], [77.4964948, 28.4525842], [77.4964791, 28.4525777], [77.496401, 28.4525256]]]}}, {"type": "Feature", "properties": {"fid": 27, "name": null, "area_m2": 145.733, "est_height": 6.0, "building": "yes", "floor_count": 2, "source_layer": "Layer2-preprocessed", "preprocessed_at": "2026-09-11T18:39:06.895057+00:00"}, "geometry": {"type": "Polygon", "coordinates": [[[77.4968794, 28.4525056], [77.4968199, 28.452458], [77.4969475, 28.4523346], [77.497007, 28.4523822], [77.4968794, 28.4525056]]]}}, {"type": "Feature", "properties": {"fid": 28, "name": null, "area_m2": 74.758, "est_height": 6.0, "building": "yes", "floor_count": 2, "source_layer": "Layer2-preprocessed", "preprocessed_at": "2026-09-11T18:39:06.895495+00:00"}, "geometry": {"type": "Polygon", "coordinates": [[[77.4970524, 28.4528963], [77.497127, 28.4528151], [77.4971783, 28.4528516], [77.4971037, 28.4529327], [77.4970524, 28.4528963]]]}}, {"type": "Feature", "properties": {"fid": 29, "name": null, "area_m2": 255.472, "est_height": 12.0, "building": "yes", "floor_count": 4, "source_layer": "Layer2-preprocessed", "preprocessed_at": "2026-09-11T18:39:06.895831+00:00"}, "geometry": {"type": "Polygon", "coordinates": [[[77.4966788, 28.4524026], [77.4965904, 28.4523358], [77.49674, 28.4521828], [77.4968284, 28.4522496], [77.4966788, 28.4524026]]]}}, {"type": "Feature", "properties": {"fid": 30, "name": null, "area_m2": 35.705, "est_height": 6.0, "building": "yes", "floor_count": 2, "source_layer": "Layer2-preprocessed", "preprocessed_at": "2026-09-11T18:39:06.896183+00:00"}, "geometry": {"type": "Polygon", "coordinates": [[[77.496754, 28.4523474], [77.4967946, 28.4523036], [77.4968397, 28.4523358], [77.4967991, 28.4523797], [77.496754, 28.4523474]]]}}, {"type": "Feature", "properties": {"fid": 31, "name": null, "area_m2": 180.294, "est_height": 6.0, "building": "yes", "floor_count": 2, "source_layer": "Layer2-preprocessed", "preprocessed_at": "2026-09-11T18:39:06.896483+00:00"}, "geometry": {"type": "Polygon", "coordinates": [[[77.4970056, 28.4529304], [77.4969306, 28.4528727], [77.4970553, 28.4527473], [77.4971303, 28.4528049], [77.4970056, 28.4529304]]]}}, {"type": "Feature", "properties": {"fid": 32, "name": null, "area_m2": 55.282, "est_height": 6.0, "building": "yes", "floor_count": 2, "source_layer": "Layer2-preprocessed", "preprocessed_at": "2026-09-11T18:39:06.896818+00:00"}, "geometry": {"type": "Polygon", "coordinates": [[[77.4968739, 28.4526879], [77.4968325, 28.452652], [77.4968438, 28.4526419], [77.4968137, 28.4526158], [77.4968476, 28.4525856], [77.4969192, 28.4526477], [77.4968739, 28.4526879]]]}}, {"type": "Feature", "properties": {"fid": 33, "name": null, "area_m2": 138.208, "est_height": 6.0, "building": "yes", "floor_count": 2, "source_layer": "Layer2-preprocessed", "preprocessed_at": "2026-09-11T18:39:06.897166+00:00"}, "geometry": {"type": "Polygon", "coordinates": [[[77.497214, 28.4525708], [77.4973549, 28.4526657], [77.497311, 28.4527162], [77.4972244, 28.4526579], [77.4972098, 28.4526745], [77.4971555, 28.452638], [77.497214, 28.4525708]]]}}, {"type": "Feature", "properties": {"fid": 34, "name": null, "area_m2": 982.193, "est_height": 18.0, "building": "yes", "floor_count": 6, "source_layer": "Layer2-preprocessed", "preprocessed_at": "2026-09-11T18:39:06.897504+00:00"}, "geometry": {"type": "Polygon", "coordinates": [[[77.4964791, 28.460257], [77.4967511, 28.459975], [77.4968881, 28.4600771], [77.4967961, 28.4601725], [77.4968103, 28.4601832], [77.4967706, 28.4602243], [77.496793, 28.4602409], [77.4967659, 28.460269], [77.4968346, 28.4603202], [77.4967214, 28.4604376], [77.4964791, 28.460257]]]}}, {"type": "Feature", "properties": {"fid": 35, "name": null, "area_m2": 1755.781, "est_height": 18.0, "building": "yes", "floor_count": 6, "source_layer": "Layer2-preprocessed", "preprocessed_at": "2026-09-11T18:39:06.897871+00:00"}, "geometry": {"type": "Polygon", "coordinates": [[[77.4930322, 28.4625967], [77.4931733, 28.4624256], [77.4931992, 28.4624421], [77.4932576, 28.4623713], [77.4932318, 28.4623548], [77.493353, 28.4622079], [77.4934754, 28.4622953], [77.4935591, 28.4624669], [77.4935847, 28.4624608], [77.4935983, 28.4625169], [77.4935789, 28.4625987], [77.493537, 28.4626559], [77.4933704, 28.4627249], [77.4933441, 28.4626998], [77.4933058, 28.4626978], [77.4930322, 28.4625967]]]}}, {"type": "Feature", "properties": {"fid": 36, "name": null, "area_m2": 3108.328, "est_height": 9.0, "building": "yes", "floor_count": 3, "source_layer": "Layer2-preprocessed", "preprocessed_at": "2026-09-11T18:39:06.898445+00:00"}, "geometry": {"type": "Polygon", "coordinates": [[[77.4909452, 28.4614839], [77.4913581, 28.4610322], [77.4913029, 28.4609933], [77.4914316, 28.4608525], [77.4915944, 28.4609675], [77.4911755, 28.4614257], [77.4913374, 28.4615401], [77.4917137, 28.4613146], [77.4917252, 28.4612843], [77.4916907, 28.4612062], [77.4917252, 28.4611947], [77.4917844, 28.461212], [77.4918994, 28.460977], [77.4920336, 28.4610089], [77.4919407, 28.4612726], [77.4919034, 28.4613142], [77.4918587, 28.4612833], [77.491784, 28.4613666], [77.4918287, 28.4613975], [77.4917408, 28.4614955], [77.491464, 28.4616357], [77.4913786, 28.4616254], [77.4913835, 28.4615936], [77.4913495, 28.4615895], [77.4913446, 28.4616213], [77.4912998, 28.461616], [77.4912305, 28.4616917], [77.4911067, 28.4616042], [77.491179, 28.4615252], [77.4911227, 28.4614854], [77.4910539, 28.4615607], [77.4909452, 28.4614839]]]}}, {"type": "Feature", "properties": {"fid": 37, "name": null, "area_m2": 3345.444, "est_height": 9.0, "building": "yes", "floor_count": 3, "source_layer": "Layer2-preprocessed", "preprocessed_at": "2026-09-11T18:39:06.898904+00:00"}, "geometry": {"type": "Polygon", "coordinates": [[[77.4918481, 28.4640841], [77.4919784, 28.4640677], [77.4919833, 28.4640976], [77.492152, 28.4640763], [77.4921454, 28.4640362], [77.492366, 28.4640084], [77.4923761, 28.4640705], [77.4924111, 28.4640661], [77.492401, 28.464004], [77.4929211, 28.4639385], [77.4929771, 28.4642816], [77.4928534, 28.4642972], [77.4928501, 28.4642773], [77.4927821, 28.4642858], [77.4927854, 28.4643058], [77.4926513, 28.4643226], [77.4926246, 28.4641587], [77.4924681, 28.4641784], [77.4924893, 28.4643084], [77.492375, 28.4643228], [77.4923538, 28.4641931], [77.4923012, 28.4641997], [77.4922998, 28.4641908], [77.4922251, 28.4642002], [77.4922548, 28.4643819], [77.4921308, 28.4643975], [77.4921293, 28.4643885], [77.4920624, 28.4643969], [77.4920639, 28.464406], [77.4919298, 28.464414], [77.4918966, 28.464199], [77.4918674, 28.4642027], [77.4918481, 28.4640841]]]}}, {"type": "Feature", "properties": {"fid": 38, "name": null, "area_m2": 238.854, "est_height": 12.0, "building": "yes", "floor_count": 4, "source_layer": "Layer2-preprocessed", "preprocessed_at": "2026-09-11T18:39:06.899157+00:00"}, "geometry": {"type": "Polygon", "coordinates": [[[77.4936295, 28.4640599], [77.4936019, 28.4638896], [77.4937284, 28.4638737], [77.4937561, 28.464044], [77.4936295, 28.4640599]]]}}, {"type": "Feature", "properties": {"fid": 39, "name": null, "area_m2": 401.563, "est_height": 12.0, "building": "yes", "floor_count": 4, "source_layer": "Layer2-preprocessed", "preprocessed_at": "2026-09-11T18:39:06.899404+00:00"}, "geometry": {"type": "Polygon", "coordinates": [[[77.4922716, 28.4601506], [77.4924123, 28.4599922], [77.4925573, 28.4600918], [77.4924167, 28.4602501], [77.4922716, 28.4601506]]]}}, {"type": "Feature", "properties": {"fid": 40, "name": null, "area_m2": 189.023, "est_height": 6.0, "building": "yes", "floor_count": 2, "source_layer": "Layer2-preprocessed", "preprocessed_at": "2026-09-11T18:39:06.899699+00:00"}, "geometry": {"type": "Polygon", "coordinates": [[[77.492237, 28.4604087], [77.4921472, 28.4603424], [77.4921631, 28.4603257], [77.4921254, 28.4602979], [77.4921795, 28.4602411], [77.4922115, 28.4602647], [77.4922262, 28.4602493], [77.4923218, 28.4603198], [77.492237, 28.4604087]]]}}, {"type": "Feature", "properties": {"fid": 41, "name": null, "area_m2": 174.071, "est_height": 6.0, "building": "yes", "floor_count": 2, "source_layer": "Layer2-preprocessed", "preprocessed_at": "2026-09-11T18:39:06.899937+00:00"}, "geometry": {"type": "Polygon", "coordinates": [[[77.5049746, 28.4562529], [77.5050358, 28.4561866], [77.5051816, 28.4562907], [77.5051205, 28.4563569], [77.5049746, 28.4562529]]]}}, {"type": "Feature", "properties": {"fid": 42, "name": null, "area_m2": 155.096, "est_height": 6.0, "building": "yes", "floor_count": 2, "source_layer": "Layer2-preprocessed", "preprocessed_at": "2026-09-11T18:39:06.900137+00:00"}, "geometry": {"type": "Polygon", "coordinates": [[[77.5043385, 28.4569331], [77.5043924, 28.4568747], [77.5045398, 28.4569799], [77.5044859, 28.4570383], [77.5043385, 28.4569331]]]}}, {"type": "Feature", "properties": {"fid": 43, "name": null, "area_m2": 475.755, "est_height": 12.0, "building": "yes", "floor_count": 4, "source_layer": "Layer2-preprocessed", "preprocessed_at": "2026-09-11T18:39:06.900336+00:00"}, "geometry": {"type": "Polygon", "coordinates": [[[77.5028237, 28.4559914], [77.502927, 28.4558794], [77.5031629, 28.4560476], [77.5030595, 28.4561596], [77.5028237, 28.4559914]]]}}, {"type": "Feature", "properties": {"fid": 44, "name": null, "area_m2": 204.769, "est_height": 12.0, "building": "yes", "floor_count": 4, "source_layer": "Layer2-preprocessed", "preprocessed_at": "2026-09-11T18:39:06.900541+00:00"}, "geometry": {"type": "Polygon", "coordinates": [[[77.5026013, 28.4567425], [77.5026719, 28.456666], [77.5028205, 28.456772], [77.5027499, 28.4568485], [77.5026013, 28.4567425]]]}}, {"type": "Feature", "properties": {"fid": 45, "name": null, "area_m2": 182.121, "est_height": 6.0, "building": "yes", "floor_count": 2, "source_layer": "Layer2-preprocessed", "preprocessed_at": "2026-09-11T18:39:06.900748+00:00"}, "geometry": {"type": "Polygon", "coordinates": [[[77.5041925, 28.4570873], [77.5042536, 28.4570211], [77.5044063, 28.4571301], [77.5043453, 28.4571963], [77.5041925, 28.4570873]]]}}, {"type": "Feature", "properties": {"fid": 46, "name": null, "area_m2": 243.499, "est_height": 12.0, "building": "yes", "floor_count": 4, "source_layer": "Layer2-preprocessed", "preprocessed_at": "2026-09-11T18:39:06.900955+00:00"}, "geometry": {"type": "Polygon", "coordinates": [[[77.5049235, 28.4574129], [77.50505, 28.4572759], [77.5051486, 28.4573463], [77.5050222, 28.4574833], [77.5049235, 28.4574129]]]}}, {"type": "Feature", "properties": {"fid": 47, "name": null, "area_m2": 183.177, "est_height": 6.0, "building": "yes", "floor_count": 2, "source_layer": "Layer2-preprocessed", "preprocessed_at": "2026-09-11T18:39:06.901335+00:00"}, "geometry": {"type": "Polygon", "coordinates": [[[77.504803, 28.4564816], [77.5048691, 28.4564099], [77.505011, 28.4565111], [77.5049449, 28.4565828], [77.504803, 28.4564816]]]}}, {"type": "Feature", "properties": {"fid": 48, "name": null, "area_m2": 333.823, "est_height": 12.0, "building": "yes", "floor_count": 4, "source_layer": "Layer2-preprocessed", "preprocessed_at": "2026-09-11T18:39:06.901561+00:00"}, "geometry": {"type": "Polygon", "coordinates": [[[77.5040647, 28.4583061], [77.5042255, 28.4581318], [77.5043318, 28.4582077], [77.504171, 28.458382], [77.5040647, 28.4583061]]]}}, {"type": "Feature", "properties": {"fid": 49, "name": null, "area_m2": 189.647, "est_height": 6.0, "building": "yes", "floor_count": 2, "source_layer": "Layer2-preprocessed", "preprocessed_at": "2026-09-11T18:39:06.901806+00:00"}, "geometry": {"type": "Polygon", "coordinates": [[[77.5049022, 28.4563374], [77.5049677, 28.4562664], [77.505116, 28.4563722], [77.5050505, 28.4564432], [77.5049022, 28.4563374]]]}}, {"type": "Feature", "properties": {"fid": 50, "name": null, "area_m2": 369.588, "est_height": 12.0, "building": "yes", "floor_count": 4, "source_layer": "Layer2-preprocessed", "preprocessed_at": "2026-09-11T18:39:06.902157+00:00"}, "geometry": {"type": "Polygon", "coordinates": [[[77.5044638, 28.4571075], [77.5045535, 28.4570103], [77.5047646, 28.4571609], [77.504675, 28.4572581], [77.5044638, 28.4571075]]]}}, {"type": "Feature", "properties": {"fid": 51, "name": null, "area_m2": 431.2, "est_height": 12.0, "building": "yes", "floor_count": 4, "source_layer": "Layer2-preprocessed", "preprocessed_at": "2026-09-11T18:39:06.902378+00:00"}, "geometry": {"type": "Polygon", "coordinates": [[[77.5024525, 28.45644], [77.502552, 28.4563323], [77.5027741, 28.4564907], [77.5026746, 28.4565985], [77.5024525, 28.45644]]]}}, {"type": "Feature", "properties": {"fid": 52, "name": null, "area_m2": 106.999, "est_height": 6.0, "building": "yes", "floor_count": 2, "source_layer": "Layer2-preprocessed", "preprocessed_at": "2026-09-11T18:39:06.902768+00:00"}, "geometry": {"type": "Polygon", "coordinates": [[[77.5048477, 28.4575094], [77.5049097, 28.4574423], [77.5049982, 28.4575054], [77.5049362, 28.4575725], [77.5048477, 28.4575094]]]}}, {"type": "Feature", "properties": {"fid": 53, "name": null, "area_m2": 217.255, "est_height": 12.0, "building": "yes", "floor_count": 4, "source_layer": "Layer2-preprocessed", "preprocessed_at": "2026-09-11T18:39:06.903125+00:00"}, "geometry": {"type": "Polygon", "coordinates": [[[77.5041111, 28.4571699], [77.5041781, 28.4570972], [77.5043441, 28.4572156], [77.5042771, 28.4572883], [77.5041111, 28.4571699]]]}}, {"type": "Feature", "properties": {"fid": 54, "name": null, "area_m2": 190.628, "est_height": 6.0, "building": "yes", "floor_count": 2, "source_layer": "Layer2-preprocessed", "preprocessed_at": "2026-09-11T18:39:06.903429+00:00"}, "geometry": {"type": "Polygon", "coordinates": [[[77.5043916, 28.4568576], [77.5044486, 28.4567959], [77.5046201, 28.4569182], [77.5045632, 28.4569799], [77.5043916, 28.4568576]]]}}, {"type": "Feature", "properties": {"fid": 55, "name": null, "area_m2": 184.092, "est_height": 6.0, "building": "yes", "floor_count": 2, "source_layer": "Layer2-preprocessed", "preprocessed_at": "2026-09-11T18:39:06.903779+00:00"}, "geometry": {"type": "Polygon", "coordinates": [[[77.5042604, 28.4570107], [77.5043226, 28.4569433], [77.5044742, 28.4570515], [77.504412, 28.4571189], [77.5042604, 28.4570107]]]}}, {"type": "Feature", "properties": {"fid": 56, "name": null, "area_m2": 3390.026, "est_height": 9.0, "building": "yes", "floor_count": 3, "source_layer": "Layer2-preprocessed", "preprocessed_at": "2026-09-11T18:39:06.904091+00:00"}, "geometry": {"type": "Polygon", "coordinates": [[[77.5019366, 28.4570447], [77.5021801, 28.4567808], [77.5028933, 28.4572895], [77.5026497, 28.4575534], [77.5019366, 28.4570447]]]}}, {"type": "Feature", "properties": {"fid": 57, "name": null, "area_m2": 2370.931, "est_height": 18.0, "building": "yes", "floor_count": 6, "source_layer": "Layer2-preprocessed", "preprocessed_at": "2026-09-11T18:39:06.904398+00:00"}, "geometry": {"type": "Polygon", "coordinates": [[[77.5041673, 28.4588073], [77.5045029, 28.4584437], [77.5048649, 28.4587018], [77.5045293, 28.4590655], [77.5041673, 28.4588073]]]}}, {"type": "Feature", "properties": {"fid": 58, "name": null, "area_m2": 478.554, "est_height": 12.0, "building": "yes", "floor_count": 4, "source_layer": "Layer2-preprocessed", "preprocessed_at": "2026-09-11T18:39:06.904689+00:00"}, "geometry": {"type": "Polygon", "coordinates": [[[77.503581, 28.4565307], [77.5037186, 28.4563816], [77.5038968, 28.4565088], [77.5037592, 28.4566578], [77.503581, 28.4565307]]]}}, {"type": "Feature", "properties": {"fid": 59, "name": null, "area_m2": 256.73, "est_height": 12.0, "building": "yes", "floor_count": 4, "source_layer": "Layer2-preprocessed", "preprocessed_at": "2026-09-11T18:39:06.905018+00:00"}, "geometry": {"type": "Polygon", "coordinates": [[[77.504595, 28.4567094], [77.5046732, 28.4566247], [77.5048414, 28.4567446], [77.5047632, 28.4568294], [77.504595, 28.4567094]]]}}, {"type": "Feature", "properties": {"fid": 60, "name": null, "area_m2": 445.504, "est_height": 6.0, "building": "yes", "floor_count": 2, "source_layer": "Layer2-preprocessed", "preprocessed_at": "2026-09-11T18:39:06.905313+00:00"}, "geometry": {"type": "Polygon", "coordinates": [[[77.503359, 28.4554279], [77.5034568, 28.4553219], [77.5036901, 28.4554884], [77.5035923, 28.4555944], [77.503359, 28.4554279]]]}}, {"type": "Feature", "properties": {"fid": 61, "name": null, "area_m2": 449.646, "est_height": 12.0, "building": "yes", "floor_count": 4, "source_layer": "Layer2-preprocessed", "preprocessed_at": "2026-09-11T18:39:06.905603+00:00"}, "geometry": {"type": "Polygon", "coordinates": [[[77.5023149, 28.4565343], [77.5024051, 28.4564365], [77.5026605, 28.4566187], [77.5025703, 28.4567164], [77.5023149, 28.4565343]]]}}, {"type": "Feature", "properties": {"fid": 62, "name": null, "area_m2": 388.86, "est_height": 12.0, "building": "yes", "floor_count": 4, "source_layer": "Layer2-preprocessed", "preprocessed_at": "2026-09-11T18:39:06.905842+00:00"}, "geometry": {"type": "Polygon", "coordinates": [[[77.5049915, 28.4541096], [77.5050825, 28.4540111], [77.5053015, 28.4541673], [77.5052106, 28.4542659], [77.5049915, 28.4541096]]]}}, {"type": "Feature", "properties": {"fid": 63, "name": null, "area_m2": 209.927, "est_height": 12.0, "building": "yes", "floor_count": 4, "source_layer": "Layer2-preprocessed", "preprocessed_at": "2026-09-11T18:39:06.906048+00:00"}, "geometry": {"type": "Polygon", "coordinates": [[[77.5049688, 28.4577441], [77.5050873, 28.4576157], [77.505178, 28.4576804], [77.5050596, 28.4578089], [77.5049688, 28.4577441]]]}}, {"type": "Feature", "properties": {"fid": 64, "name": null, "area_m2": 121.684, "est_height": 6.0, "building": "yes", "floor_count": 2, "source_layer": "Layer2-preprocessed", "preprocessed_at": "2026-09-11T18:39:06.906244+00:00"}, "geometry": {"type": "Polygon", "coordinates": [[[77.5047617, 28.4575889], [77.50483, 28.4575149], [77.5049213, 28.45758], [77.504853, 28.457654], [77.5047617, 28.4575889]]]}}, {"type": "Feature", "properties": {"fid": 65, "name": null, "area_m2": 208.392, "est_height": 12.0, "building": "yes", "floor_count": 4, "source_layer": "Layer2-preprocessed", "preprocessed_at": "2026-09-11T18:39:06.906442+00:00"}, "geometry": {"type": "Polygon", "coordinates": [[[77.5047076, 28.4542031], [77.5048053, 28.4540973], [77.5049146, 28.4541753], [77.5048169, 28.4542811], [77.5047076, 28.4542031]]]}}, {"type": "Feature", "properties": {"fid": 66, "name": null, "area_m2": 108.377, "est_height": 6.0, "building": "yes", "floor_count": 2, "source_layer": "Layer2-preprocessed", "preprocessed_at": "2026-09-11T18:39:06.906665+00:00"}, "geometry": {"type": "Polygon", "coordinates": [[[77.5024948, 28.4525569], [77.5025558, 28.452488], [77.502646, 28.4525498], [77.502585, 28.4526186], [77.5024948, 28.4525569]]]}}, {"type": "Feature", "properties": {"fid": 67, "name": null, "area_m2": 430.852, "est_height": 12.0, "building": "yes", "floor_count": 4, "source_layer": "Layer2-preprocessed", "preprocessed_at": "2026-09-11T18:39:06.906869+00:00"}, "geometry": {"type": "Polygon", "coordinates": [[[77.5018991, 28.4555213], [77.5020981, 28.4552968], [77.502208, 28.4553721], [77.5020091, 28.4555966], [77.5018991, 28.4555213]]]}}, {"type": "Feature", "properties": {"fid": 68, "name": null, "area_m2": 103.201, "est_height": 6.0, "building": "yes", "floor_count": 2, "source_layer": "Layer2-preprocessed", "preprocessed_at": "2026-09-11T18:39:06.907072+00:00"}, "geometry": {"type": "Polygon", "coordinates": [[[77.5012862, 28.4539945], [77.5013485, 28.4539242], [77.5014326, 28.4539818], [77.5013703, 28.4540521], [77.5012862, 28.4539945]]]}}, {"type": "Feature", "properties": {"fid": 69, "name": null, "area_m2": 88.049, "est_height": 6.0, "building": "yes", "floor_count": 2, "source_layer": "Layer2-preprocessed", "preprocessed_at": "2026-09-11T18:39:06.907265+00:00"}, "geometry": {"type": "Polygon", "coordinates": [[[77.4999492, 28.451953], [77.5000157, 28.4518792], [77.5000832, 28.4519263], [77.5000166, 28.452], [77.4999492, 28.451953]]]}}, {"type": "Feature", "properties": {"fid": 70, "name": null, "area_m2": 66.501, "est_height": 6.0, "building": "yes", "floor_count": 2, "source_layer": "Layer2-preprocessed", "preprocessed_at": "2026-09-11T18:39:06.907458+00:00"}, "geometry": {"type": "Polygon", "coordinates": [[[77.5046441, 28.4526963], [77.5046881, 28.4526466], [77.5047648, 28.4526991], [77.5047208, 28.4527488], [77.5046441, 28.4526963]]]}}, {"type": "Feature", "properties": {"fid": 71, "name": null, "area_m2": 163.144, "est_height": 6.0, "building": "yes", "floor_count": 2, "source_layer": "Layer2-preprocessed", "preprocessed_at": "2026-09-11T18:39:06.907652+00:00"}, "geometry": {"type": "Polygon", "coordinates": [[[77.5013632, 28.4549373], [77.5014506, 28.4548386], [77.5015453, 28.4549035], [77.5014579, 28.4550022], [77.5013632, 28.4549373]]]}}, {"type": "Feature", "properties": {"fid": 72, "name": null, "area_m2": 134.172, "est_height": 6.0, "building": "yes", "floor_count": 2, "source_layer": "Layer2-preprocessed", "preprocessed_at": "2026-09-11T18:39:06.907882+00:00"}, "geometry": {"type": "Polygon", "coordinates": [[[77.4995858, 28.4500079], [77.4996781, 28.4499056], [77.4997522, 28.4499572], [77.4996599, 28.4500596], [77.4995858, 28.4500079]]]}}, {"type": "Feature", "properties": {"fid": 73, "name": null, "area_m2": 61.747, "est_height": 6.0, "building": "yes", "floor_count": 2, "source_layer": "Layer2-preprocessed", "preprocessed_at": "2026-09-11T18:39:06.908210+00:00"}, "geometry": {"type": "Polygon", "coordinates": [[[77.4991972, 28.4521275], [77.4992433, 28.4520764], [77.4993116, 28.452124], [77.4992654, 28.4521751], [77.4991972, 28.4521275]]]}}, {"type": "Feature", "properties": {"fid": 74, "name": null, "area_m2": 88.384, "est_height": 6.0, "building": "yes", "floor_count": 2, "source_layer": "Layer2-preprocessed", "preprocessed_at": "2026-09-11T18:39:06.908536+00:00"}, "geometry": {"type": "Polygon", "coordinates": [[[77.5043871, 28.4529787], [77.5044491, 28.4529088], [77.5045215, 28.4529583], [77.5044595, 28.4530283], [77.5043871, 28.4529787]]]}}, {"type": "Feature", "properties": {"fid": 75, "name": null, "area_m2": 132.279, "est_height": 6.0, "building": "yes", "floor_count": 2, "source_layer": "Layer2-preprocessed", "preprocessed_at": "2026-09-11T18:39:06.908864+00:00"}, "geometry": {"type": "Polygon", "coordinates": [[[77.5011177, 28.455175], [77.5011961, 28.4550865], [77.5012817, 28.4551452], [77.5012033, 28.4552337], [77.5011177, 28.455175]]]}}, {"type": "Feature", "properties": {"fid": 76, "name": null, "area_m2": 147.579, "est_height": 6.0, "building": "yes", "floor_count": 2, "source_layer": "Layer2-preprocessed", "preprocessed_at": "2026-09-11T18:39:06.909190+00:00"}, "geometry": {"type": "Polygon", "coordinates": [[[77.500075, 28.4503523], [77.5001731, 28.4502436], [77.5002498, 28.4502971], [77.5001517, 28.4504058], [77.500075, 28.4503523]]]}}, {"type": "Feature", "properties": {"fid": 77, "name": null, "area_m2": 231.265, "est_height": 12.0, "building": "yes", "floor_count": 4, "source_layer": "Layer2-preprocessed", "preprocessed_at": "2026-09-11T18:39:06.909436+00:00"}, "geometry": {"type": "Polygon", "coordinates": [[[77.4988009, 28.4519883], [77.4989336, 28.4518412], [77.4990224, 28.4519032], [77.4988897, 28.4520503], [77.4988009, 28.4519883]]]}}, {"type": "Feature", "properties": {"fid": 78, "name": null, "area_m2": 146.88, "est_height": 6.0, "building": "yes", "floor_count": 2, "source_layer": "Layer2-preprocessed", "preprocessed_at": "2026-09-11T18:39:06.909649+00:00"}, "geometry": {"type": "Polygon", "coordinates": [[[77.5022953, 28.4533336], [77.502394, 28.4532222], [77.5024696, 28.4532739], [77.5023708, 28.4533853], [77.5022953, 28.4533336]]]}}, {"type": "Feature", "properties": {"fid": 79, "name": null, "area_m2": 224.26, "est_height": 12.0, "building": "yes", "floor_count": 4, "source_layer": "Layer2-preprocessed", "preprocessed_at": "2026-09-11T18:39:06.909873+00:00"}, "geometry": {"type": "Polygon", "coordinates": [[[77.5010921, 28.4503945], [77.5011673, 28.4503111], [77.5013192, 28.450417], [77.5012439, 28.4505005], [77.5010921, 28.4503945]]]}}, {"type": "Feature", "properties": {"fid": 80, "name": null, "area_m2": 67.823, "est_height": 6.0, "building": "yes", "floor_count": 2, "source_layer": "Layer2-preprocessed", "preprocessed_at": "2026-09-11T18:39:06.910101+00:00"}, "geometry": {"type": "Polygon", "coordinates": [[[77.4983011, 28.4522585], [77.4983508, 28.4522035], [77.4984204, 28.4522521], [77.4983708, 28.4523071], [77.4983011, 28.4522585]]]}}, {"type": "Feature", "properties": {"fid": 81, "name": null, "area_m2": 123.152, "est_height": 6.0, "building": "yes", "floor_count": 2, "source_layer": "Layer2-preprocessed", "preprocessed_at": "2026-09-11T18:39:06.910327+00:00"}, "geometry": {"type": "Polygon", "coordinates": [[[77.5007253, 28.4555349], [77.5007996, 28.4554587], [77.5008853, 28.4555234], [77.500811, 28.4555996], [77.5007253, 28.4555349]]]}}, {"type": "Feature", "properties": {"fid": 82, "name": null, "area_m2": 107.47, "est_height": 6.0, "building": "yes", "floor_count": 2, "source_layer": "Layer2-preprocessed", "preprocessed_at": "2026-09-11T18:39:06.910548+00:00"}, "geometry": {"type": "Polygon", "coordinates": [[[77.50066, 28.4524402], [77.5007211, 28.4523712], [77.5008104, 28.4524324], [77.5007493, 28.4525013], [77.50066, 28.4524402]]]}}, {"type": "Feature", "properties": {"fid": 83, "name": null, "area_m2": 63.292, "est_height": 6.0, "building": "yes", "floor_count": 2, "source_layer": "Layer2-preprocessed", "preprocessed_at": "2026-09-11T18:39:06.910822+00:00"}, "geometry": {"type": "Polygon", "coordinates": [[[77.5009097, 28.4504093], [77.500966, 28.4503468], [77.5010233, 28.4503868], [77.5009669, 28.4504492], [77.5009097, 28.4504093]]]}}, {"type": "Feature", "properties": {"fid": 84, "name": null, "area_m2": 88.413, "est_height": 6.0, "building": "yes", "floor_count": 2, "source_layer": "Layer2-preprocessed", "preprocessed_at": "2026-09-11T18:39:06.911192+00:00"}, "geometry": {"type": "Polygon", "coordinates": [[[77.5014064, 28.4540693], [77.5014649, 28.4540033], [77.5015416, 28.4540559], [77.5014831, 28.4541219], [77.5014064, 28.4540693]]]}}, {"type": "Feature", "properties": {"fid": 85, "name": null, "area_m2": 207.394, "est_height": 12.0, "building": "yes", "floor_count": 4, "source_layer": "Layer2-preprocessed", "preprocessed_at": "2026-09-11T18:39:06.911584+00:00"}, "geometry": {"type": "Polygon", "coordinates": [[[77.4983881, 28.4524721], [77.4985227, 28.452323], [77.498591, 28.4523706], [77.4984776, 28.4524962], [77.4984993, 28.4525114], [77.4984588, 28.4525563], [77.4984109, 28.4525229], [77.4984303, 28.4525015], [77.4983881, 28.4524721]]]}}, {"type": "Feature", "properties": {"fid": 86, "name": null, "area_m2": 100.034, "est_height": 6.0, "building": "yes", "floor_count": 2, "source_layer": "Layer2-preprocessed", "preprocessed_at": "2026-09-11T18:39:06.911904+00:00"}, "geometry": {"type": "Polygon", "coordinates": [[[77.5013877, 28.4560196], [77.5014618, 28.4559437], [77.5015317, 28.4559964], [77.5014575, 28.4560723], [77.5013877, 28.4560196]]]}}, {"type": "Feature", "properties": {"fid": 87, "name": null, "area_m2": 46.802, "est_height": 6.0, "building": "yes", "floor_count": 2, "source_layer": "Layer2-preprocessed", "preprocessed_at": "2026-09-11T18:39:06.912228+00:00"}, "geometry": {"type": "Polygon", "coordinates": [[[77.4998456, 28.4518704], [77.4999254, 28.4517819], [77.4999553, 28.4518028], [77.4998755, 28.4518912], [77.4998456, 28.4518704]]]}}, {"type": "Feature", "properties": {"fid": 88, "name": null, "area_m2": 188.394, "est_height": 6.0, "building": "yes", "floor_count": 2, "source_layer": "Layer2-preprocessed", "preprocessed_at": "2026-09-11T18:39:06.912502+00:00"}, "geometry": {"type": "Polygon", "coordinates": [[[77.5000842, 28.4527414], [77.5001855, 28.452627], [77.5002799, 28.4526916], [77.5001786, 28.452806], [77.5000842, 28.4527414]]]}}, {"type": "Feature", "properties": {"fid": 89, "name": null, "area_m2": 121.044, "est_height": 6.0, "building": "yes", "floor_count": 2, "source_layer": "Layer2-preprocessed", "preprocessed_at": "2026-09-11T18:39:06.912751+00:00"}, "geometry": {"type": "Polygon", "coordinates": [[[77.5016948, 28.4543153], [77.5017646, 28.4542365], [77.5018526, 28.4542969], [77.5017829, 28.4543756], [77.5016948, 28.4543153]]]}}, {"type": "Feature", "properties": {"fid": 90, "name": null, "area_m2": 128.256, "est_height": 6.0, "building": "yes", "floor_count": 2, "source_layer": "Layer2-preprocessed", "preprocessed_at": "2026-09-11T18:39:06.912975+00:00"}, "geometry": {"type": "Polygon", "coordinates": [[[77.4993953, 28.4513615], [77.4994999, 28.4512455], [77.4995624, 28.4512891], [77.4994577, 28.4514051], [77.4993953, 28.4513615]]]}}, {"type": "Feature", "properties": {"fid": 91, "name": null, "area_m2": 90.464, "est_height": 6.0, "building": "yes", "floor_count": 2, "source_layer": "Layer2-preprocessed", "preprocessed_at": "2026-09-11T18:39:06.913245+00:00"}, "geometry": {"type": "Polygon", "coordinates": [[[77.5013078, 28.4554], [77.5013672, 28.455333], [77.5014445, 28.4553859], [77.5013851, 28.455453], [77.5013078, 28.4554]]]}}, {"type": "Feature", "properties": {"fid": 92, "name": null, "area_m2": 75.026, "est_height": 6.0, "building": "yes", "floor_count": 2, "source_layer": "Layer2-preprocessed", "preprocessed_at": "2026-09-11T18:39:06.913475+00:00"}, "geometry": {"type": "Polygon", "coordinates": [[[77.5006023, 28.4531233], [77.5006536, 28.4530655], [77.5007279, 28.4531163], [77.5006766, 28.4531742], [77.5006023, 28.4531233]]]}}, {"type": "Feature", "properties": {"fid": 93, "name": null, "area_m2": 55.68, "est_height": 6.0, "building": "yes", "floor_count": 2, "source_layer": "Layer2-preprocessed", "preprocessed_at": "2026-09-11T18:39:06.913670+00:00"}, "geometry": {"type": "Polygon", "coordinates": [[[77.4986945, 28.451771], [77.4987364, 28.4517245], [77.4988041, 28.4517717], [77.4987621, 28.4518182], [77.4986945, 28.451771]]]}}, {"type": "Feature", "properties": {"fid": 94, "name": null, "area_m2": 58.381, "est_height": 6.0, "building": "yes", "floor_count": 2, "source_layer": "Layer2-preprocessed", "preprocessed_at": "2026-09-11T18:39:06.913936+00:00"}, "geometry": {"type": "Polygon", "coordinates": [[[77.4996454, 28.4541895], [77.4996934, 28.4541353], [77.4997551, 28.4541776], [77.4997071, 28.4542318], [77.4996454, 28.4541895]]]}}, {"type": "Feature", "properties": {"fid": 95, "name": null, "area_m2": 278.097, "est_height": 12.0, "building": "yes", "floor_count": 4, "source_layer": "Layer2-preprocessed", "preprocessed_at": "2026-09-11T18:39:06.914143+00:00"}, "geometry": {"type": "Polygon", "coordinates": [[[77.5016254, 28.4552428], [77.5017842, 28.4550636], [77.5018731, 28.4551245], [77.5017143, 28.4553037], [77.5016254, 28.4552428]]]}}, {"type": "Feature", "properties": {"fid": 96, "name": null, "area_m2": 45.552, "est_height": 6.0, "building": "yes", "floor_count": 2, "source_layer": "Layer2-preprocessed", "preprocessed_at": "2026-09-11T18:39:06.914370+00:00"}, "geometry": {"type": "Polygon", "coordinates": [[[77.4984409, 28.4515832], [77.4984776, 28.4515426], [77.4985409, 28.4515867], [77.4985042, 28.4516274], [77.4984409, 28.4515832]]]}}, {"type": "Feature", "properties": {"fid": 97, "name": null, "area_m2": 517.938, "est_height": 12.0, "building": "yes", "floor_count": 4, "source_layer": "Layer2-preprocessed", "preprocessed_at": "2026-09-11T18:39:06.914601+00:00"}, "geometry": {"type": "Polygon", "coordinates": [[[77.5013202, 28.4511262], [77.5014556, 28.4509735], [77.5016498, 28.4511065], [77.5015145, 28.4512593], [77.5013202, 28.4511262]]]}}, {"type": "Feature", "properties": {"fid": 98, "name": null, "area_m2": 230.131, "est_height": 12.0, "building": "yes", "floor_count": 4, "source_layer": "Layer2-preprocessed", "preprocessed_at": "2026-09-11T18:39:06.914843+00:00"}, "geometry": {"type": "Polygon", "coordinates": [[[77.4987636, 28.452842], [77.4988231, 28.4527761], [77.4990204, 28.4529137], [77.498961, 28.4529796], [77.4987636, 28.452842]]]}}, {"type": "Feature", "properties": {"fid": 99, "name": null, "area_m2": 66.785, "est_height": 6.0, "building": "yes", "floor_count": 2, "source_layer": "Layer2-preprocessed", "preprocessed_at": "2026-09-11T18:39:06.915266+00:00"}, "geometry": {"type": "Polygon", "coordinates": [[[77.5034345, 28.4522055], [77.5034831, 28.4521507], [77.5035529, 28.4521985], [77.5035043, 28.4522533], [77.5034345, 28.4522055]]]}}, {"type": "Feature", "properties": {"fid": 100, "name": null, "area_m2": 47.839, "est_height": 6.0, "building": "yes", "floor_count": 2, "source_layer": "Layer2-preprocessed", "preprocessed_at": "2026-09-11T18:39:06.915613+00:00"}, "geometry": {"type": "Polygon", "coordinates": [[[77.4986405, 28.4531402], [77.4986943, 28.4530805], [77.4987396, 28.453112], [77.4986858, 28.4531718], [77.4986405, 28.4531402]]]}}, {"type": "Feature", "properties": {"fid": 101, "name": null, "area_m2": 180.195, "est_height": 6.0, "building": "yes", "floor_count": 2, "source_layer": "Layer2-preprocessed", "preprocessed_at": "2026-09-11T18:39:06.915984+00:00"}, "geometry": {"type": "Polygon", "coordinates": [[[77.5006781, 28.4531939], [77.5007842, 28.4530742], [77.5008704, 28.4531333], [77.5007643, 28.453253], [77.5006781, 28.4531939]]]}}, {"type": "Feature", "properties": {"fid": 102, "name": null, "area_m2": 69.681, "est_height": 6.0, "building": "yes", "floor_count": 2, "source_layer": "Layer2-preprocessed", "preprocessed_at": "2026-09-11T18:39:06.916291+00:00"}, "geometry": {"type": "Polygon", "coordinates": [[[77.500308, 28.4502372], [77.5003615, 28.4501779], [77.5004279, 28.4502242], [77.5003744, 28.4502835], [77.500308, 28.4502372]]]}}, {"type": "Feature", "properties": {"fid": 103, "name": null, "area_m2": 63.519, "est_height": 6.0, "building": "yes", "floor_count": 2, "source_layer": "Layer2-preprocessed", "preprocessed_at": "2026-09-11T18:39:06.916651+00:00"}, "geometry": {"type": "Polygon", "coordinates": [[[77.5030481, 28.4533983], [77.5031038, 28.4533354], [77.5031617, 28.4533751], [77.503106, 28.4534379], [77.5030481, 28.4533983]]]}}, {"type": "Feature", "properties": {"fid": 104, "name": null, "area_m2": 54.608, "est_height": 6.0, "building": "yes", "floor_count": 2, "source_layer": "Layer2-preprocessed", "preprocessed_at": "2026-09-11T18:39:06.917009+00:00"}, "geometry": {"type": "Polygon", "coordinates": [[[77.5002437, 28.4531591], [77.5002894, 28.4531076], [77.5003501, 28.4531492], [77.5003044, 28.4532007], [77.5002437, 28.4531591]]]}}, {"type": "Feature", "properties": {"fid": 105, "name": null, "area_m2": 76.297, "est_height": 6.0, "building": "yes", "floor_count": 2, "source_layer": "Layer2-preprocessed", "preprocessed_at": "2026-09-11T18:39:06.917248+00:00"}, "geometry": {"type": "Polygon", "coordinates": [[[77.5034968, 28.4541724], [77.5035544, 28.4541073], [77.5036216, 28.4541534], [77.503564, 28.4542184], [77.5034968, 28.4541724]]]}}, {"type": "Feature", "properties": {"fid": 106, "name": null, "area_m2": 80.189, "est_height": 6.0, "building": "yes", "floor_count": 2, "source_layer": "Layer2-preprocessed", "preprocessed_at": "2026-09-11T18:39:06.917498+00:00"}, "geometry": {"type": "Polygon", "coordinates": [[[77.5042218, 28.4517882], [77.5042907, 28.4517104], [77.5043498, 28.4517509], [77.5042809, 28.4518286], [77.5042218, 28.4517882]]]}}, {"type": "Feature", "properties": {"fid": 107, "name": null, "area_m2": 190.307, "est_height": 6.0, "building": "yes", "floor_count": 2, "source_layer": "Layer2-preprocessed", "preprocessed_at": "2026-09-11T18:39:06.917739+00:00"}, "geometry": {"type": "Polygon", "coordinates": [[[77.5028997, 28.4541682], [77.5030152, 28.4540378], [77.5030988, 28.4540951], [77.5029833, 28.4542255], [77.5028997, 28.4541682]]]}}, {"type": "Feature", "properties": {"fid": 108, "name": null, "area_m2": 148.138, "est_height": 6.0, "building": "yes", "floor_count": 2, "source_layer": "Layer2-preprocessed", "preprocessed_at": "2026-09-11T18:39:06.917934+00:00"}, "geometry": {"type": "Polygon", "coordinates": [[[77.4997453, 28.4510048], [77.4998471, 28.4508919], [77.4999213, 28.4509436], [77.4998194, 28.4510565], [77.4997453, 28.4510048]]]}}, {"type": "Feature", "properties": {"fid": 109, "name": null, "area_m2": 105.215, "est_height": 6.0, "building": "yes", "floor_count": 2, "source_layer": "Layer2-preprocessed", "preprocessed_at": "2026-09-11T18:39:06.918131+00:00"}, "geometry": {"type": "Polygon", "coordinates": [[[77.5035819, 28.4515399], [77.503637, 28.4514777], [77.5037339, 28.4515441], [77.5036788, 28.4516063], [77.5035819, 28.4515399]]]}}, {"type": "Feature", "properties": {"fid": 110, "name": null, "area_m2": 164.267, "est_height": 6.0, "building": "yes", "floor_count": 2, "source_layer": "Layer2-preprocessed", "preprocessed_at": "2026-09-11T18:39:06.918347+00:00"}, "geometry": {"type": "Polygon", "coordinates": [[[77.5032684, 28.4543574], [77.5033527, 28.4542622], [77.5034516, 28.4543299], [77.5033673, 28.4544251], [77.5032684, 28.4543574]]]}}, {"type": "Feature", "properties": {"fid": 111, "name": null, "area_m2": 87.419, "est_height": 6.0, "building": "yes", "floor_count": 2, "source_layer": "Layer2-preprocessed", "preprocessed_at": "2026-09-11T18:39:06.918606+00:00"}, "geometry": {"type": "Polygon", "coordinates": [[[77.5028871, 28.4527809], [77.502933, 28.4527291], [77.5030297, 28.4527953], [77.5029838, 28.4528471], [77.5028871, 28.4527809]]]}}, {"type": "Feature", "properties": {"fid": 112, "name": null, "area_m2": 103.315, "est_height": 6.0, "building": "yes", "floor_count": 2, "source_layer": "Layer2-preprocessed", "preprocessed_at": "2026-09-11T18:39:06.918947+00:00"}, "geometry": {"type": "Polygon", "coordinates": [[[77.4998533, 28.451315], [77.4999008, 28.4512623], [77.5000116, 28.4513396], [77.4999641, 28.4513923], [77.4998533, 28.451315]]]}}, {"type": "Feature", "properties": {"fid": 113, "name": null, "area_m2": 57.531, "est_height": 6.0, "building": "yes", "floor_count": 2, "source_layer": "Layer2-preprocessed", "preprocessed_at": "2026-09-11T18:39:06.919182+00:00"}, "geometry": {"type": "Polygon", "coordinates": [[[77.5004858, 28.454686], [77.50055, 28.4546135], [77.5005955, 28.4546447], [77.5005313, 28.4547171], [77.5004858, 28.454686]]]}}, {"type": "Feature", "properties": {"fid": 114, "name": null, "area_m2": 34.176, "est_height": 6.0, "building": "yes", "floor_count": 2, "source_layer": "Layer2-preprocessed", "preprocessed_at": "2026-09-11T18:39:06.919456+00:00"}, "geometry": {"type": "Polygon", "coordinates": [[[77.499988, 28.4499936], [77.5000244, 28.4499533], [77.5000723, 28.4499867], [77.5000359, 28.450027], [77.499988, 28.4499936]]]}}, {"type": "Feature", "properties": {"fid": 115, "name": null, "area_m2": 179.929, "est_height": 6.0, "building": "yes", "floor_count": 2, "source_layer": "Layer2-preprocessed", "preprocessed_at": "2026-09-11T18:39:06.919667+00:00"}, "geometry": {"type": "Polygon", "coordinates": [[[77.4991454, 28.4518779], [77.4992772, 28.4517318], [77.4993468, 28.4517804], [77.499215, 28.4519264], [77.4991454, 28.4518779]]]}}, {"type": "Feature", "properties": {"fid": 116, "name": null, "area_m2": 139.475, "est_height": 6.0, "building": "yes", "floor_count": 2, "source_layer": "Layer2-preprocessed", "preprocessed_at": "2026-09-11T18:39:06.919946+00:00"}, "geometry": {"type": "Polygon", "coordinates": [[[77.501006, 28.4546924], [77.5010989, 28.4545875], [77.5011751, 28.4546397], [77.5010821, 28.4547446], [77.501006, 28.4546924]]]}}, {"type": "Feature", "properties": {"fid": 117, "name": null, "area_m2": 47.629, "est_height": 6.0, "building": "yes", "floor_count": 2, "source_layer": "Layer2-preprocessed", "preprocessed_at": "2026-09-11T18:39:06.920164+00:00"}, "geometry": {"type": "Polygon", "coordinates": [[[77.4998887, 28.450113], [77.4999245, 28.4500732], [77.4999922, 28.4501204], [77.4999563, 28.4501602], [77.4998887, 28.450113]]]}}, {"type": "Feature", "properties": {"fid": 118, "name": null, "area_m2": 72.111, "est_height": 6.0, "building": "yes", "floor_count": 2, "source_layer": "Layer2-preprocessed", "preprocessed_at": "2026-09-11T18:39:06.920384+00:00"}, "geometry": {"type": "Polygon", "coordinates": [[[77.503308, 28.4540233], [77.5033629, 28.4539614], [77.5034296, 28.4540071], [77.5033748, 28.454069], [77.503308, 28.4540233]]]}}, {"type": "Feature", "properties": {"fid": 119, "name": null, "area_m2": 63.067, "est_height": 6.0, "building": "yes", "floor_count": 2, "source_layer": "Layer2-preprocessed", "preprocessed_at": "2026-09-11T18:39:06.920632+00:00"}, "geometry": {"type": "Polygon", "coordinates": [[[77.4993058, 28.4524923], [77.499349, 28.4524444], [77.4994234, 28.4524963], [77.4993802, 28.4525442], [77.4993058, 28.4524923]]]}}, {"type": "Feature", "properties": {"fid": 120, "name": null, "area_m2": 112.69, "est_height": 6.0, "building": "yes", "floor_count": 2, "source_layer": "Layer2-preprocessed", "preprocessed_at": "2026-09-11T18:39:06.920850+00:00"}, "geometry": {"type": "Polygon", "coordinates": [[[77.4984057, 28.4519116], [77.4984814, 28.4518278], [77.4985573, 28.4518808], [77.4984817, 28.4519646], [77.4984057, 28.4519116]]]}}, {"type": "Feature", "properties": {"fid": 121, "name": null, "area_m2": 154.301, "est_height": 6.0, "building": "yes", "floor_count": 2, "source_layer": "Layer2-preprocessed", "preprocessed_at": "2026-09-11T18:39:06.921049+00:00"}, "geometry": {"type": "Polygon", "coordinates": [[[77.5028678, 28.4537762], [77.5029857, 28.4536431], [77.5030521, 28.4536887], [77.5029342, 28.4538217], [77.5028678, 28.4537762]]]}}, {"type": "Feature", "properties": {"fid": 122, "name": null, "area_m2": 106.556, "est_height": 6.0, "building": "yes", "floor_count": 2, "source_layer": "Layer2-preprocessed", "preprocessed_at": "2026-09-11T18:39:06.921243+00:00"}, "geometry": {"type": "Polygon", "coordinates": [[[77.5011272, 28.4501547], [77.5011945, 28.4500801], [77.5012752, 28.4501364], [77.5012079, 28.450211], [77.5011272, 28.4501547]]]}}, {"type": "Feature", "properties": {"fid": 123, "name": null, "area_m2": 310.43, "est_height": 12.0, "building": "yes", "floor_count": 4, "source_layer": "Layer2-preprocessed", "preprocessed_at": "2026-09-11T18:39:06.921447+00:00"}, "geometry": {"type": "Polygon", "coordinates": [[[77.5017206, 28.4540838], [77.5018843, 28.453899], [77.5019806, 28.4539649], [77.5018168, 28.4541497], [77.5017206, 28.4540838]]]}}, {"type": "Feature", "properties": {"fid": 124, "name": null, "area_m2": 82.169, "est_height": 6.0, "building": "yes", "floor_count": 2, "source_layer": "Layer2-preprocessed", "preprocessed_at": "2026-09-11T18:39:06.921646+00:00"}, "geometry": {"type": "Polygon", "coordinates": [[[77.4988005, 28.4521454], [77.4988456, 28.4520954], [77.4989385, 28.4521603], [77.4988935, 28.4522102], [77.4988005, 28.4521454]]]}}, {"type": "Feature", "properties": {"fid": 125, "name": null, "area_m2": 103.287, "est_height": 6.0, "building": "yes", "floor_count": 2, "source_layer": "Layer2-preprocessed", "preprocessed_at": "2026-09-11T18:39:06.921841+00:00"}, "geometry": {"type": "Polygon", "coordinates": [[[77.500166, 28.451488], [77.5002449, 28.4514006], [77.5003116, 28.4514472], [77.5002328, 28.4515346], [77.500166, 28.451488]]]}}, {"type": "Feature", "properties": {"fid": 126, "name": null, "area_m2": 182.944, "est_height": 6.0, "building": "yes", "floor_count": 2, "source_layer": "Layer2-preprocessed", "preprocessed_at": "2026-09-11T18:39:06.922180+00:00"}, "geometry": {"type": "Polygon", "coordinates": [[[77.497859, 28.4535517], [77.4979868, 28.4534101], [77.4980598, 28.453461], [77.497932, 28.4536026], [77.497859, 28.4535517]]]}}, {"type": "Feature", "properties": {"fid": 127, "name": null, "area_m2": 133.147, "est_height": 6.0, "building": "yes", "floor_count": 2, "source_layer": "Layer2-preprocessed", "preprocessed_at": "2026-09-11T18:39:06.922390+00:00"}, "geometry": {"type": "Polygon", "coordinates": [[[77.5013734, 28.4538841], [77.5014504, 28.4537972], [77.5015382, 28.4538573], [77.5014612, 28.4539442], [77.5013734, 28.4538841]]]}}, {"type": "Feature", "properties": {"fid": 128, "name": null, "area_m2": 78.497, "est_height": 6.0, "building": "yes", "floor_count": 2, "source_layer": "Layer2-preprocessed", "preprocessed_at": "2026-09-11T18:39:06.922616+00:00"}, "geometry": {"type": "Polygon", "coordinates": [[[77.49989, 28.4516912], [77.4999566, 28.4516174], [77.5000167, 28.4516594], [77.4999501, 28.4517331], [77.49989, 28.4516912]]]}}, {"type": "Feature", "properties": {"fid": 129, "name": null, "area_m2": 98.733, "est_height": 6.0, "building": "yes", "floor_count": 2, "source_layer": "Layer2-preprocessed", "preprocessed_at": "2026-09-11T18:39:06.922809+00:00"}, "geometry": {"type": "Polygon", "coordinates": [[[77.5007926, 28.4549014], [77.5008498, 28.4548369], [77.5009374, 28.4548969], [77.5008802, 28.4549615], [77.5007926, 28.4549014]]]}}, {"type": "Feature", "properties": {"fid": 130, "name": null, "area_m2": 61.79, "est_height": 6.0, "building": "yes", "floor_count": 2, "source_layer": "Layer2-preprocessed", "preprocessed_at": "2026-09-11T18:39:06.923075+00:00"}, "geometry": {"type": "Polygon", "coordinates": [[[77.499286, 28.4523406], [77.4993241, 28.4522984], [77.4994068, 28.4523561], [77.4993687, 28.4523983], [77.499286, 28.4523406]]]}}, {"type": "Feature", "properties": {"fid": 131, "name": null, "area_m2": 66.392, "est_height": 6.0, "building": "yes", "floor_count": 2, "source_layer": "Layer2-preprocessed", "preprocessed_at": "2026-09-11T18:39:06.923313+00:00"}, "geometry": {"type": "Polygon", "coordinates": [[[77.4990221, 28.4538633], [77.499062, 28.4538183], [77.4991465, 28.4538762], [77.4991067, 28.4539212], [77.4990221, 28.4538633]]]}}, {"type": "Feature", "properties": {"fid": 132, "name": null, "area_m2": 138.052, "est_height": 6.0, "building": "yes", "floor_count": 2, "source_layer": "Layer2-preprocessed", "preprocessed_at": "2026-09-11T18:39:06.923534+00:00"}, "geometry": {"type": "Polygon", "coordinates": [[[77.5012614, 28.4550428], [77.5013438, 28.4549497], [77.5014288, 28.4550079], [77.5013464, 28.455101], [77.5012614, 28.4550428]]]}}, {"type": "Feature", "properties": {"fid": 133, "name": null, "area_m2": 105.311, "est_height": 6.0, "building": "yes", "floor_count": 2, "source_layer": "Layer2-preprocessed", "preprocessed_at": "2026-09-11T18:39:06.923754+00:00"}, "geometry": {"type": "Polygon", "coordinates": [[[77.4989858, 28.4521571], [77.4990422, 28.4520946], [77.4991374, 28.452161], [77.4990811, 28.4522235], [77.4989858, 28.4521571]]]}}, {"type": "Feature", "properties": {"fid": 134, "name": null, "area_m2": 159.511, "est_height": 6.0, "building": "yes", "floor_count": 2, "source_layer": "Layer2-preprocessed", "preprocessed_at": "2026-09-11T18:39:06.923970+00:00"}, "geometry": {"type": "Polygon", "coordinates": [[[77.4989612, 28.4524109], [77.4990837, 28.4522751], [77.4991501, 28.4523214], [77.4990275, 28.4524572], [77.4989612, 28.4524109]]]}}, {"type": "Feature", "properties": {"fid": 135, "name": null, "area_m2": 111.153, "est_height": 6.0, "building": "yes", "floor_count": 2, "source_layer": "Layer2-preprocessed", "preprocessed_at": "2026-09-11T18:39:06.924189+00:00"}, "geometry": {"type": "Polygon", "coordinates": [[[77.5039482, 28.4521904], [77.5040108, 28.4521197], [77.5041009, 28.4521814], [77.5040383, 28.4522521], [77.5039482, 28.4521904]]]}}, {"type": "Feature", "properties": {"fid": 136, "name": null, "area_m2": 102.705, "est_height": 6.0, "building": "yes", "floor_count": 2, "source_layer": "Layer2-preprocessed", "preprocessed_at": "2026-09-11T18:39:06.924386+00:00"}, "geometry": {"type": "Polygon", "coordinates": [[[77.4979657, 28.45218], [77.4980406, 28.4520969], [77.4981105, 28.4521457], [77.4980355, 28.4522287], [77.4979657, 28.45218]]]}}, {"type": "Feature", "properties": {"fid": 137, "name": null, "area_m2": 140.747, "est_height": 6.0, "building": "yes", "floor_count": 2, "source_layer": "Layer2-preprocessed", "preprocessed_at": "2026-09-11T18:39:06.924648+00:00"}, "geometry": {"type": "Polygon", "coordinates": [[[77.5010557, 28.4559683], [77.5011347, 28.4558874], [77.5012269, 28.455957], [77.5011479, 28.4560379], [77.5010557, 28.4559683]]]}}, {"type": "Feature", "properties": {"fid": 138, "name": null, "area_m2": 69.335, "est_height": 6.0, "building": "yes", "floor_count": 2, "source_layer": "Layer2-preprocessed", "preprocessed_at": "2026-09-11T18:39:06.924873+00:00"}, "geometry": {"type": "Polygon", "coordinates": [[[77.4992464, 28.4546609], [77.4992977, 28.454603], [77.4993663, 28.45465], [77.499315, 28.4547079], [77.4992464, 28.4546609]]]}}, {"type": "Feature", "properties": {"fid": 139, "name": null, "area_m2": 633.643, "est_height": 12.0, "building": "yes", "floor_count": 4, "source_layer": "Layer2-preprocessed", "preprocessed_at": "2026-09-11T18:39:06.925122+00:00"}, "geometry": {"type": "Polygon", "coordinates": [[[77.5038328, 28.4528744], [77.5039708, 28.4527187], [77.5042039, 28.4528784], [77.5040659, 28.4530341], [77.5038328, 28.4528744]]]}}, {"type": "Feature", "properties": {"fid": 140, "name": null, "area_m2": 50.262, "est_height": 6.0, "building": "yes", "floor_count": 2, "source_layer": "Layer2-preprocessed", "preprocessed_at": "2026-09-11T18:39:06.925526+00:00"}, "geometry": {"type": "Polygon", "coordinates": [[[77.5001758, 28.4528448], [77.5002103, 28.452806], [77.5002844, 28.4528568], [77.50025, 28.4528956], [77.5001758, 28.4528448]]]}}, {"type": "Feature", "properties": {"fid": 141, "name": null, "area_m2": 43.635, "est_height": 6.0, "building": "yes", "floor_count": 2, "source_layer": "Layer2-preprocessed", "preprocessed_at": "2026-09-11T18:39:06.925766+00:00"}, "geometry": {"type": "Polygon", "coordinates": [[[77.4995097, 28.4539428], [77.4995422, 28.4539061], [77.4996103, 28.4539528], [77.4995778, 28.4539895], [77.4995097, 28.4539428]]]}}, {"type": "Feature", "properties": {"fid": 142, "name": null, "area_m2": 77.637, "est_height": 6.0, "building": "yes", "floor_count": 2, "source_layer": "Layer2-preprocessed", "preprocessed_at": "2026-09-11T18:39:06.925985+00:00"}, "geometry": {"type": "Polygon", "coordinates": [[[77.5018444, 28.4533132], [77.5019069, 28.4532426], [77.50197, 28.4532857], [77.5019074, 28.4533563], [77.5018444, 28.4533132]]]}}, {"type": "Feature", "properties": {"fid": 143, "name": null, "area_m2": 64.287, "est_height": 6.0, "building": "yes", "floor_count": 2, "source_layer": "Layer2-preprocessed", "preprocessed_at": "2026-09-11T18:39:06.926196+00:00"}, "geometry": {"type": "Polygon", "coordinates": [[[77.4996034, 28.4531223], [77.4996597, 28.4530588], [77.4997177, 28.4530984], [77.4996614, 28.453162], [77.4996034, 28.4531223]]]}}, {"type": "Feature", "properties": {"fid": 144, "name": null, "area_m2": 104.937, "est_height": 6.0, "building": "yes", "floor_count": 2, "source_layer": "Layer2-preprocessed", "preprocessed_at": "2026-09-11T18:39:06.926392+00:00"}, "geometry": {"type": "Polygon", "coordinates": [[[77.4995764, 28.4540154], [77.499629, 28.4539561], [77.4997303, 28.4540254], [77.4996776, 28.4540848], [77.4995764, 28.4540154]]]}}, {"type": "Feature", "properties": {"fid": 145, "name": null, "area_m2": 75.096, "est_height": 6.0, "building": "yes", "floor_count": 2, "source_layer": "Layer2-preprocessed", "preprocessed_at": "2026-09-11T18:39:06.926635+00:00"}, "geometry": {"type": "Polygon", "coordinates": [[[77.5035914, 28.4520372], [77.5036427, 28.4519793], [77.503717, 28.4520302], [77.5036657, 28.4520881], [77.5035914, 28.4520372]]]}}, {"type": "Feature", "properties": {"fid": 146, "name": null, "area_m2": 137.835, "est_height": 6.0, "building": "yes", "floor_count": 2, "source_layer": "Layer2-preprocessed", "preprocessed_at": "2026-09-11T18:39:06.926936+00:00"}, "geometry": {"type": "Polygon", "coordinates": [[[77.4991194, 28.4536017], [77.4992002, 28.4535105], [77.4992868, 28.4535699], [77.499206, 28.453661], [77.4991194, 28.4536017]]]}}, {"type": "Feature", "properties": {"fid": 147, "name": null, "area_m2": 257.99, "est_height": 12.0, "building": "yes", "floor_count": 4, "source_layer": "Layer2-preprocessed", "preprocessed_at": "2026-09-11T18:39:06.927153+00:00"}, "geometry": {"type": "Polygon", "coordinates": [[[77.502274, 28.4548864], [77.5024165, 28.4547257], [77.5025084, 28.4547887], [77.502366, 28.4549494], [77.502274, 28.4548864]]]}}, {"type": "Feature", "properties": {"fid": 148, "name": null, "area_m2": 81.816, "est_height": 6.0, "building": "yes", "floor_count": 2, "source_layer": "Layer2-preprocessed", "preprocessed_at": "2026-09-11T18:39:06.927355+00:00"}, "geometry": {"type": "Polygon", "coordinates": [[[77.502378, 28.4528987], [77.5024315, 28.4528384], [77.5025092, 28.4528916], [77.5024558, 28.4529519], [77.502378, 28.4528987]]]}}, {"type": "Feature", "properties": {"fid": 149, "name": null, "area_m2": 92.393, "est_height": 6.0, "building": "yes", "floor_count": 2, "source_layer": "Layer2-preprocessed", "preprocessed_at": "2026-09-11T18:39:06.927562+00:00"}, "geometry": {"type": "Polygon", "coordinates": [[[77.5033265, 28.4522976], [77.5033821, 28.4522349], [77.5034665, 28.4522927], [77.5034109, 28.4523554], [77.5033265, 28.4522976]]]}}, {"type": "Feature", "properties": {"fid": 150, "name": null, "area_m2": 82.171, "est_height": 6.0, "building": "yes", "floor_count": 2, "source_layer": "Layer2-preprocessed", "preprocessed_at": "2026-09-11T18:39:06.927800+00:00"}, "geometry": {"type": "Polygon", "coordinates": [[[77.5032136, 28.4532344], [77.503256, 28.4531866], [77.5033544, 28.4532541], [77.5033121, 28.4533019], [77.5032136, 28.4532344]]]}}, {"type": "Feature", "properties": {"fid": 151, "name": null, "area_m2": 72.688, "est_height": 6.0, "building": "yes", "floor_count": 2, "source_layer": "Layer2-preprocessed", "preprocessed_at": "2026-09-11T18:39:06.928005+00:00"}, "geometry": {"type": "Polygon", "coordinates": [[[77.5041286, 28.4520283], [77.5041798, 28.4519705], [77.5042519, 28.4520198], [77.5042007, 28.4520776], [77.5041286, 28.4520283]]]}}, {"type": "Feature", "properties": {"fid": 152, "name": null, "area_m2": 178.769, "est_height": 6.0, "building": "yes", "floor_count": 2, "source_layer": "Layer2-preprocessed", "preprocessed_at": "2026-09-11T18:39:06.928204+00:00"}, "geometry": {"type": "Polygon", "coordinates": [[[77.5038687, 28.4535407], [77.5039204, 28.4534823], [77.5040959, 28.4536026], [77.5040442, 28.4536609], [77.5038687, 28.4535407]]]}}, {"type": "Feature", "properties": {"fid": 153, "name": null, "area_m2": 70.593, "est_height": 6.0, "building": "yes", "floor_count": 2, "source_layer": "Layer2-preprocessed", "preprocessed_at": "2026-09-11T18:39:06.928438+00:00"}, "geometry": {"type": "Polygon", "coordinates": [[[77.4995394, 28.4504248], [77.4995986, 28.4503592], [77.4996594, 28.4504016], [77.4996002, 28.4504672], [77.4995394, 28.4504248]]]}}, {"type": "Feature", "properties": {"fid": 154, "name": null, "area_m2": 60.286, "est_height": 6.0, "building": "yes", "floor_count": 2, "source_layer": "Layer2-preprocessed", "preprocessed_at": "2026-09-11T18:39:06.928634+00:00"}, "geometry": {"type": "Polygon", "coordinates": [[[77.5029857, 28.4534552], [77.503033, 28.4534018], [77.5030977, 28.4534461], [77.5030503, 28.4534995], [77.5029857, 28.4534552]]]}}, {"type": "Feature", "properties": {"fid": 155, "name": null, "area_m2": 100.115, "est_height": 6.0, "building": "yes", "floor_count": 2, "source_layer": "Layer2-preprocessed", "preprocessed_at": "2026-09-11T18:39:06.928880+00:00"}, "geometry": {"type": "Polygon", "coordinates": [[[77.5009599, 28.4556857], [77.5010245, 28.4556195], [77.5011047, 28.4556801], [77.5010401, 28.4557462], [77.5009599, 28.4556857]]]}}, {"type": "Feature", "properties": {"fid": 156, "name": null, "area_m2": 205.527, "est_height": 12.0, "building": "yes", "floor_count": 4, "source_layer": "Layer2-preprocessed", "preprocessed_at": "2026-09-11T18:39:06.929289+00:00"}, "geometry": {"type": "Polygon", "coordinates": [[[77.4987554, 28.4542869], [77.4988233, 28.4542104], [77.4989771, 28.4543158], [77.4989093, 28.4543923], [77.4987554, 28.4542869]]]}}, {"type": "Feature", "properties": {"fid": 157, "name": null, "area_m2": 407.345, "est_height": 12.0, "building": "yes", "floor_count": 4, "source_layer": "Layer2-preprocessed", "preprocessed_at": "2026-09-11T18:39:06.929714+00:00"}, "geometry": {"type": "Polygon", "coordinates": [[[77.5024805, 28.4539938], [77.5026655, 28.453785], [77.5027773, 28.4538616], [77.5025923, 28.4540703], [77.5024805, 28.4539938]]]}}, {"type": "Feature", "properties": {"fid": 158, "name": null, "area_m2": 155.946, "est_height": 6.0, "building": "yes", "floor_count": 2, "source_layer": "Layer2-preprocessed", "preprocessed_at": "2026-09-11T18:39:06.930060+00:00"}, "geometry": {"type": "Polygon", "coordinates": [[[77.5036195, 28.4538134], [77.5036802, 28.453745], [77.5038107, 28.4538343], [77.50375, 28.4539028], [77.5036195, 28.4538134]]]}}, {"type": "Feature", "properties": {"fid": 159, "name": null, "area_m2": 126.697, "est_height": 6.0, "building": "yes", "floor_count": 2, "source_layer": "Layer2-preprocessed", "preprocessed_at": "2026-09-11T18:39:06.930293+00:00"}, "geometry": {"type": "Polygon", "coordinates": [[[77.5001588, 28.4512868], [77.5002515, 28.4511841], [77.5003212, 28.4512327], [77.5002285, 28.4513354], [77.5001588, 28.4512868]]]}}, {"type": "Feature", "properties": {"fid": 160, "name": null, "area_m2": 99.826, "est_height": 6.0, "building": "yes", "floor_count": 2, "source_layer": "Layer2-preprocessed", "preprocessed_at": "2026-09-11T18:39:06.930506+00:00"}, "geometry": {"type": "Polygon", "coordinates": [[[77.4996074, 28.4505064], [77.4996922, 28.4504125], [77.4997522, 28.4504544], [77.4996675, 28.4505483], [77.4996074, 28.4505064]]]}}, {"type": "Feature", "properties": {"fid": 161, "name": null, "area_m2": 89.532, "est_height": 6.0, "building": "yes", "floor_count": 2, "source_layer": "Layer2-preprocessed", "preprocessed_at": "2026-09-11T18:39:06.930981+00:00"}, "geometry": {"type": "Polygon", "coordinates": [[[77.5012871, 28.4531181], [77.5013414, 28.4530568], [77.5014251, 28.4531141], [77.5013708, 28.4531754], [77.5012871, 28.4531181]]]}}, {"type": "Feature", "properties": {"fid": 162, "name": null, "area_m2": 115.851, "est_height": 6.0, "building": "yes", "floor_count": 2, "source_layer": "Layer2-preprocessed", "preprocessed_at": "2026-09-11T18:39:06.931234+00:00"}, "geometry": {"type": "Polygon", "coordinates": [[[77.5004857, 28.450813], [77.5005527, 28.4507388], [77.5006409, 28.4508003], [77.5005739, 28.4508745], [77.5004857, 28.450813]]]}}, {"type": "Feature", "properties": {"fid": 163, "name": null, "area_m2": 227.783, "est_height": 12.0, "building": "yes", "floor_count": 4, "source_layer": "Layer2-preprocessed", "preprocessed_at": "2026-09-11T18:39:06.931446+00:00"}, "geometry": {"type": "Polygon", "coordinates": [[[77.5029429, 28.4543166], [77.5030605, 28.4541838], [77.5031588, 28.4542512], [77.5030412, 28.4543839], [77.5029429, 28.4543166]]]}}, {"type": "Feature", "properties": {"fid": 164, "name": null, "area_m2": 278.124, "est_height": 12.0, "building": "yes", "floor_count": 4, "source_layer": "Layer2-preprocessed", "preprocessed_at": "2026-09-11T18:39:06.931703+00:00"}, "geometry": {"type": "Polygon", "coordinates": [[[77.4992778, 28.4539617], [77.4993473, 28.4538833], [77.4995504, 28.4540224], [77.4994809, 28.4541009], [77.4992778, 28.4539617]]]}}, {"type": "Feature", "properties": {"fid": 165, "name": null, "area_m2": 129.685, "est_height": 6.0, "building": "yes", "floor_count": 2, "source_layer": "Layer2-preprocessed", "preprocessed_at": "2026-09-11T18:39:06.931922+00:00"}, "geometry": {"type": "Polygon", "coordinates": [[[77.502482, 28.4548745], [77.5025468, 28.4548013], [77.5026484, 28.4548709], [77.5025836, 28.454944], [77.502482, 28.4548745]]]}}, {"type": "Feature", "properties": {"fid": 166, "name": null, "area_m2": 102.545, "est_height": 6.0, "building": "yes", "floor_count": 2, "source_layer": "Layer2-preprocessed", "preprocessed_at": "2026-09-11T18:39:06.932151+00:00"}, "geometry": {"type": "Polygon", "coordinates": [[[77.5015903, 28.4531897], [77.5016565, 28.453115], [77.5017351, 28.4531688], [77.5016689, 28.4532436], [77.5015903, 28.4531897]]]}}, {"type": "Feature", "properties": {"fid": 167, "name": null, "area_m2": 161.629, "est_height": 6.0, "building": "yes", "floor_count": 2, "source_layer": "Layer2-preprocessed", "preprocessed_at": "2026-09-11T18:39:06.932346+00:00"}, "geometry": {"type": "Polygon", "coordinates": [[[77.4992884, 28.4519876], [77.4994189, 28.451843], [77.499482, 28.4518871], [77.4993515, 28.4520317], [77.4992884, 28.4519876]]]}}, {"type": "Feature", "properties": {"fid": 168, "name": null, "area_m2": 134.616, "est_height": 6.0, "building": "yes", "floor_count": 2, "source_layer": "Layer2-preprocessed", "preprocessed_at": "2026-09-11T18:39:06.932602+00:00"}, "geometry": {"type": "Polygon", "coordinates": [[[77.5006153, 28.4508819], [77.5007361, 28.450748], [77.5007929, 28.4507877], [77.5006721, 28.4509215], [77.5006153, 28.4508819]]]}}, {"type": "Feature", "properties": {"fid": 169, "name": null, "area_m2": 123.483, "est_height": 6.0, "building": "yes", "floor_count": 2, "source_layer": "Layer2-preprocessed", "preprocessed_at": "2026-09-11T18:39:06.932810+00:00"}, "geometry": {"type": "Polygon", "coordinates": [[[77.5023683, 28.4544], [77.502446, 28.4543124], [77.5025267, 28.4543676], [77.5024491, 28.4544553], [77.5023683, 28.4544]]]}}, {"type": "Feature", "properties": {"fid": 170, "name": null, "area_m2": 100.991, "est_height": 6.0, "building": "yes", "floor_count": 2, "source_layer": "Layer2-preprocessed", "preprocessed_at": "2026-09-11T18:39:06.933009+00:00"}, "geometry": {"type": "Polygon", "coordinates": [[[77.4994057, 28.4515887], [77.4994831, 28.4515029], [77.4995496, 28.4515493], [77.4994722, 28.4516351], [77.4994057, 28.4515887]]]}}, {"type": "Feature", "properties": {"fid": 171, "name": null, "area_m2": 109.256, "est_height": 6.0, "building": "yes", "floor_count": 2, "source_layer": "Layer2-preprocessed", "preprocessed_at": "2026-09-11T18:39:06.933217+00:00"}, "geometry": {"type": "Polygon", "coordinates": [[[77.5005786, 28.4547377], [77.5006402, 28.4546681], [77.5007302, 28.4547297], [77.5006685, 28.4547993], [77.5005786, 28.4547377]]]}}, {"type": "Feature", "properties": {"fid": 172, "name": null, "area_m2": 75.959, "est_height": 6.0, "building": "yes", "floor_count": 2, "source_layer": "Layer2-preprocessed", "preprocessed_at": "2026-09-11T18:39:06.933416+00:00"}, "geometry": {"type": "Polygon", "coordinates": [[[77.503757, 28.4524361], [77.5038079, 28.4523787], [77.5038837, 28.4524306], [77.5038328, 28.452488], [77.503757, 28.4524361]]]}}, {"type": "Feature", "properties": {"fid": 173, "name": null, "area_m2": 74.689, "est_height": 6.0, "building": "yes", "floor_count": 2, "source_layer": "Layer2-preprocessed", "preprocessed_at": "2026-09-11T18:39:06.933624+00:00"}, "geometry": {"type": "Polygon", "coordinates": [[[77.5021708, 28.4545924], [77.5022147, 28.454543], [77.5023012, 28.4546023], [77.5022574, 28.4546517], [77.5021708, 28.4545924]]]}}, {"type": "Feature", "properties": {"fid": 174, "name": null, "area_m2": 75.753, "est_height": 6.0, "building": "yes", "floor_count": 2, "source_layer": "Layer2-preprocessed", "preprocessed_at": "2026-09-11T18:39:06.933831+00:00"}, "geometry": {"type": "Polygon", "coordinates": [[[77.4981575, 28.4516936], [77.4982062, 28.4516397], [77.4982855, 28.451695], [77.4982369, 28.451749], [77.4981575, 28.4516936]]]}}, {"type": "Feature", "properties": {"fid": 175, "name": null, "area_m2": 70.379, "est_height": 6.0, "building": "yes", "floor_count": 2, "source_layer": "Layer2-preprocessed", "preprocessed_at": "2026-09-11T18:39:06.934028+00:00"}, "geometry": {"type": "Polygon", "coordinates": [[[77.4992033, 28.451415], [77.4992597, 28.4513524], [77.4993233, 28.4513967], [77.4992668, 28.4514593], [77.4992033, 28.451415]]]}}, {"type": "Feature", "properties": {"fid": 176, "name": null, "area_m2": 98.251, "est_height": 6.0, "building": "yes", "floor_count": 2, "source_layer": "Layer2-preprocessed", "preprocessed_at": "2026-09-11T18:39:06.934232+00:00"}, "geometry": {"type": "Polygon", "coordinates": [[[77.5014569, 28.45562], [77.5015192, 28.4555497], [77.5015993, 28.4556045], [77.501537, 28.4556748], [77.5014569, 28.45562]]]}}, {"type": "Feature", "properties": {"fid": 177, "name": null, "area_m2": 86.485, "est_height": 6.0, "building": "yes", "floor_count": 2, "source_layer": "Layer2-preprocessed", "preprocessed_at": "2026-09-11T18:39:06.934426+00:00"}, "geometry": {"type": "Polygon", "coordinates": [[[77.4998634, 28.4505367], [77.4999437, 28.4504477], [77.4999986, 28.450486], [77.4999183, 28.450575], [77.4998634, 28.4505367]]]}}, {"type": "Feature", "properties": {"fid": 178, "name": null, "area_m2": 176.272, "est_height": 6.0, "building": "yes", "floor_count": 2, "source_layer": "Layer2-preprocessed", "preprocessed_at": "2026-09-11T18:39:06.934620+00:00"}, "geometry": {"type": "Polygon", "coordinates": [[[77.4978826, 28.4513068], [77.4980072, 28.4511686], [77.4980793, 28.4512189], [77.4979546, 28.4513571], [77.4978826, 28.4513068]]]}}, {"type": "Feature", "properties": {"fid": 179, "name": null, "area_m2": 191.818, "est_height": 6.0, "building": "yes", "floor_count": 2, "source_layer": "Layer2-preprocessed", "preprocessed_at": "2026-09-11T18:39:06.934815+00:00"}, "geometry": {"type": "Polygon", "coordinates": [[[77.5035913, 28.4532264], [77.5036458, 28.4531648], [77.5038243, 28.453287], [77.5037697, 28.4533486], [77.5035913, 28.4532264]]]}}, {"type": "Feature", "properties": {"fid": 180, "name": null, "area_m2": 186.637, "est_height": 6.0, "building": "yes", "floor_count": 2, "source_layer": "Layer2-preprocessed", "preprocessed_at": "2026-09-11T18:39:06.935010+00:00"}, "geometry": {"type": "Polygon", "coordinates": [[[77.5001164, 28.4551657], [77.5002236, 28.4550447], [77.500312, 28.4551052], [77.5002048, 28.4552262], [77.5001164, 28.4551657]]]}}, {"type": "Feature", "properties": {"fid": 181, "name": null, "area_m2": 78.523, "est_height": 6.0, "building": "yes", "floor_count": 2, "source_layer": "Layer2-preprocessed", "preprocessed_at": "2026-09-11T18:39:06.935202+00:00"}, "geometry": {"type": "Polygon", "coordinates": [[[77.4998434, 28.4506696], [77.4999136, 28.4505918], [77.4999706, 28.4506316], [77.4999004, 28.4507094], [77.4998434, 28.4506696]]]}}, {"type": "Feature", "properties": {"fid": 182, "name": null, "area_m2": 202.747, "est_height": 12.0, "building": "yes", "floor_count": 4, "source_layer": "Layer2-preprocessed", "preprocessed_at": "2026-09-11T18:39:06.935397+00:00"}, "geometry": {"type": "Polygon", "coordinates": [[[77.497667, 28.4533935], [77.4977929, 28.4532539], [77.497875, 28.4533112], [77.4977491, 28.4534507], [77.497667, 28.4533935]]]}}, {"type": "Feature", "properties": {"fid": 183, "name": null, "area_m2": 35.455, "est_height": 6.0, "building": "yes", "floor_count": 2, "source_layer": "Layer2-preprocessed", "preprocessed_at": "2026-09-11T18:39:06.935601+00:00"}, "geometry": {"type": "Polygon", "coordinates": [[[77.4975778, 28.4512815], [77.4976076, 28.4512484], [77.4976682, 28.4512906], [77.4976383, 28.4513237], [77.4975778, 28.4512815]]]}}, {"type": "Feature", "properties": {"fid": 184, "name": null, "area_m2": 46.718, "est_height": 6.0, "building": "yes", "floor_count": 2, "source_layer": "Layer2-preprocessed", "preprocessed_at": "2026-09-11T18:39:06.936260+00:00"}, "geometry": {"type": "Polygon", "coordinates": [[[77.4996064, 28.4510212], [77.4996415, 28.4509823], [77.4997093, 28.4510297], [77.4996743, 28.4510686], [77.4996064, 28.4510212]]]}}, {"type": "Feature", "properties": {"fid": 185, "name": null, "area_m2": 67.189, "est_height": 6.0, "building": "yes", "floor_count": 2, "source_layer": "Layer2-preprocessed", "preprocessed_at": "2026-09-11T18:39:06.936483+00:00"}, "geometry": {"type": "Polygon", "coordinates": [[[77.498726, 28.4527048], [77.4987993, 28.4526237], [77.498846, 28.4526563], [77.4987728, 28.4527375], [77.498726, 28.4527048]]]}}, {"type": "Feature", "properties": {"fid": 186, "name": null, "area_m2": 141.682, "est_height": 6.0, "building": "yes", "floor_count": 2, "source_layer": "Layer2-preprocessed", "preprocessed_at": "2026-09-11T18:39:06.936687+00:00"}, "geometry": {"type": "Polygon", "coordinates": [[[77.5020525, 28.4536769], [77.5021375, 28.453581], [77.5022221, 28.453639], [77.5021371, 28.4537349], [77.5020525, 28.4536769]]]}}, {"type": "Feature", "properties": {"fid": 187, "name": null, "area_m2": 272.677, "est_height": 12.0, "building": "yes", "floor_count": 4, "source_layer": "Layer2-preprocessed", "preprocessed_at": "2026-09-11T18:39:06.936917+00:00"}, "geometry": {"type": "Polygon", "coordinates": [[[77.5002518, 28.4513508], [77.5003496, 28.4512425], [77.5004918, 28.4513417], [77.500394, 28.45145], [77.5002518, 28.4513508]]]}}, {"type": "Feature", "properties": {"fid": 188, "name": null, "area_m2": 242.578, "est_height": 12.0, "building": "yes", "floor_count": 4, "source_layer": "Layer2-preprocessed", "preprocessed_at": "2026-09-11T18:39:06.937115+00:00"}, "geometry": {"type": "Polygon", "coordinates": [[[77.4981309, 28.4527442], [77.4983071, 28.452549], [77.4983773, 28.4525979], [77.4982011, 28.4527932], [77.4981309, 28.4527442]]]}}, {"type": "Feature", "properties": {"fid": 189, "name": null, "area_m2": 52.69, "est_height": 6.0, "building": "yes", "floor_count": 2, "source_layer": "Layer2-preprocessed", "preprocessed_at": "2026-09-11T18:39:06.937313+00:00"}, "geometry": {"type": "Polygon", "coordinates": [[[77.4997556, 28.4521719], [77.4997983, 28.4521245], [77.4998612, 28.4521684], [77.4998184, 28.4522157], [77.4997556, 28.4521719]]]}}, {"type": "Feature", "properties": {"fid": 190, "name": null, "area_m2": 75.402, "est_height": 6.0, "building": "yes", "floor_count": 2, "source_layer": "Layer2-preprocessed", "preprocessed_at": "2026-09-11T18:39:06.937746+00:00"}, "geometry": {"type": "Polygon", "coordinates": [[[77.5000503, 28.4536823], [77.5000887, 28.4536389], [77.5001883, 28.4537071], [77.5001499, 28.4537505], [77.5000503, 28.4536823]]]}}, {"type": "Feature", "properties": {"fid": 191, "name": null, "area_m2": 88.208, "est_height": 6.0, "building": "yes", "floor_count": 2, "source_layer": "Layer2-preprocessed", "preprocessed_at": "2026-09-11T18:39:06.938150+00:00"}, "geometry": {"type": "Polygon", "coordinates": [[[77.4992028, 28.4500476], [77.4992502, 28.4499951], [77.4993451, 28.4500613], [77.4992977, 28.4501138], [77.4992028, 28.4500476]]]}}, {"type": "Feature", "properties": {"fid": 192, "name": null, "area_m2": 129.444, "est_height": 6.0, "building": "yes", "floor_count": 2, "source_layer": "Layer2-preprocessed", "preprocessed_at": "2026-09-11T18:39:06.938500+00:00"}, "geometry": {"type": "Polygon", "coordinates": [[[77.5027156, 28.4546571], [77.5028017, 28.4545599], [77.502878, 28.4546121], [77.5027918, 28.4547094], [77.5027156, 28.4546571]]]}}, {"type": "Feature", "properties": {"fid": 193, "name": null, "area_m2": 144.879, "est_height": 6.0, "building": "yes", "floor_count": 2, "source_layer": "Layer2-preprocessed", "preprocessed_at": "2026-09-11T18:39:06.938839+00:00"}, "geometry": {"type": "Polygon", "coordinates": [[[77.4994452, 28.4520931], [77.4995744, 28.4519499], [77.4996316, 28.4519897], [77.4995023, 28.452133], [77.4994452, 28.4520931]]]}}, {"type": "Feature", "properties": {"fid": 194, "name": null, "area_m2": 68.412, "est_height": 6.0, "building": "yes", "floor_count": 2, "source_layer": "Layer2-preprocessed", "preprocessed_at": "2026-09-11T18:39:06.939181+00:00"}, "geometry": {"type": "Polygon", "coordinates": [[[77.4999111, 28.4534734], [77.4999822, 28.4533932], [77.500031, 28.4534267], [77.49996, 28.4535069], [77.4999111, 28.4534734]]]}}, {"type": "Feature", "properties": {"fid": 195, "name": null, "area_m2": 110.122, "est_height": 6.0, "building": "yes", "floor_count": 2, "source_layer": "Layer2-preprocessed", "preprocessed_at": "2026-09-11T18:39:06.939624+00:00"}, "geometry": {"type": "Polygon", "coordinates": [[[77.4976394, 28.4514144], [77.4977307, 28.4513132], [77.4977922, 28.4513561], [77.4977008, 28.4514573], [77.4976394, 28.4514144]]]}}, {"type": "Feature", "properties": {"fid": 196, "name": null, "area_m2": 134.037, "est_height": 6.0, "building": "yes", "floor_count": 2, "source_layer": "Layer2-preprocessed", "preprocessed_at": "2026-09-11T18:39:06.940072+00:00"}, "geometry": {"type": "Polygon", "coordinates": [[[77.5014999, 28.456292], [77.5015735, 28.4562069], [77.5016654, 28.4562683], [77.5015918, 28.4563534], [77.5014999, 28.456292]]]}}, {"type": "Feature", "properties": {"fid": 197, "name": null, "area_m2": 80.273, "est_height": 6.0, "building": "yes", "floor_count": 2, "source_layer": "Layer2-preprocessed", "preprocessed_at": "2026-09-11T18:39:06.940466+00:00"}, "geometry": {"type": "Polygon", "coordinates": [[[77.5028268, 28.4523951], [77.5028828, 28.4523319], [77.5029556, 28.4523817], [77.5028996, 28.4524449], [77.5028268, 28.4523951]]]}}, {"type": "Feature", "properties": {"fid": 198, "name": null, "area_m2": 127.134, "est_height": 6.0, "building": "yes", "floor_count": 2, "source_layer": "Layer2-preprocessed", "preprocessed_at": "2026-09-11T18:39:06.940723+00:00"}, "geometry": {"type": "Polygon", "coordinates": [[[77.4979184, 28.451572], [77.4979925, 28.4514898], [77.4980799, 28.4515509], [77.4980058, 28.451633], [77.4979184, 28.451572]]]}}, {"type": "Feature", "properties": {"fid": 199, "name": null, "area_m2": 94.596, "est_height": 6.0, "building": "yes", "floor_count": 2, "source_layer": "Layer2-preprocessed", "preprocessed_at": "2026-09-11T18:39:06.940947+00:00"}, "geometry": {"type": "Polygon", "coordinates": [[[77.5026628, 28.4525456], [77.5027152, 28.4524864], [77.5028068, 28.4525491], [77.5027543, 28.4526083], [77.5026628, 28.4525456]]]}}, {"type": "Feature", "properties": {"fid": 200, "name": null, "area_m2": 201.492, "est_height": 12.0, "building": "yes", "floor_count": 4, "source_layer": "Layer2-preprocessed", "preprocessed_at": "2026-09-11T18:39:06.941185+00:00"}, "geometry": {"type": "Polygon", "coordinates": [[[77.4977378, 28.4531352], [77.4978589, 28.453001], [77.4979437, 28.4530602], [77.4978226, 28.4531944], [77.4977378, 28.4531352]]]}}, {"type": "Feature", "properties": {"fid": 201, "name": null, "area_m2": 71.059, "est_height": 6.0, "building": "yes", "floor_count": 2, "source_layer": "Layer2-preprocessed", "preprocessed_at": "2026-09-11T18:39:06.941414+00:00"}, "geometry": {"type": "Polygon", "coordinates": [[[77.5044809, 28.4528686], [77.504535, 28.4528075], [77.5046017, 28.4528531], [77.5045475, 28.4529142], [77.5044809, 28.4528686]]]}}, {"type": "Feature", "properties": {"fid": 202, "name": null, "area_m2": 39.142, "est_height": 6.0, "building": "yes", "floor_count": 2, "source_layer": "Layer2-preprocessed", "preprocessed_at": "2026-09-11T18:39:06.941616+00:00"}, "geometry": {"type": "Polygon", "coordinates": [[[77.4997418, 28.4500016], [77.4997757, 28.449964], [77.4998346, 28.4500051], [77.4998007, 28.4500426], [77.4997418, 28.4500016]]]}}, {"type": "Feature", "properties": {"fid": 203, "name": null, "area_m2": 42.579, "est_height": 6.0, "building": "yes", "floor_count": 2, "source_layer": "Layer2-preprocessed", "preprocessed_at": "2026-09-11T18:39:06.941831+00:00"}, "geometry": {"type": "Polygon", "coordinates": [[[77.4989952, 28.4501139], [77.4990396, 28.4500647], [77.4990885, 28.4500989], [77.4990441, 28.450148], [77.4989952, 28.4501139]]]}}, {"type": "Feature", "properties": {"fid": 204, "name": null, "area_m2": 246.777, "est_height": 12.0, "building": "yes", "floor_count": 4, "source_layer": "Layer2-preprocessed", "preprocessed_at": "2026-09-11T18:39:06.942058+00:00"}, "geometry": {"type": "Polygon", "coordinates": [[[77.497903, 28.4533093], [77.4980537, 28.4531422], [77.4981372, 28.4532004], [77.4979864, 28.4533675], [77.497903, 28.4533093]]]}}, {"type": "Feature", "properties": {"fid": 205, "name": null, "area_m2": 70.208, "est_height": 6.0, "building": "yes", "floor_count": 2, "source_layer": "Layer2-preprocessed", "preprocessed_at": "2026-09-11T18:39:06.942258+00:00"}, "geometry": {"type": "Polygon", "coordinates": [[[77.5043319, 28.4530322], [77.5043772, 28.4529811], [77.5044559, 28.453035], [77.5044106, 28.4530861], [77.5043319, 28.4530322]]]}}, {"type": "Feature", "properties": {"fid": 206, "name": null, "area_m2": 46.8, "est_height": 6.0, "building": "yes", "floor_count": 2, "source_layer": "Layer2-preprocessed", "preprocessed_at": "2026-09-11T18:39:06.942453+00:00"}, "geometry": {"type": "Polygon", "coordinates": [[[77.4997211, 28.4532974], [77.4997609, 28.4532525], [77.4998206, 28.4532934], [77.4997808, 28.4533383], [77.4997211, 28.4532974]]]}}, {"type": "Feature", "properties": {"fid": 207, "name": null, "area_m2": 113.675, "est_height": 6.0, "building": "yes", "floor_count": 2, "source_layer": "Layer2-preprocessed", "preprocessed_at": "2026-09-11T18:39:06.942897+00:00"}, "geometry": {"type": "Polygon", "coordinates": [[[77.5001638, 28.4504085], [77.5002465, 28.4503169], [77.5003166, 28.4503657], [77.5002339, 28.4504574], [77.5001638, 28.4504085]]]}}, {"type": "Feature", "properties": {"fid": 208, "name": null, "area_m2": 145.358, "est_height": 6.0, "building": "yes", "floor_count": 2, "source_layer": "Layer2-preprocessed", "preprocessed_at": "2026-09-11T18:39:06.943242+00:00"}, "geometry": {"type": "Polygon", "coordinates": [[[77.501965, 28.4531098], [77.5020546, 28.4530087], [77.502137, 28.453065], [77.5020473, 28.4531662], [77.501965, 28.4531098]]]}}, {"type": "Feature", "properties": {"fid": 209, "name": null, "area_m2": 70.553, "est_height": 6.0, "building": "yes", "floor_count": 2, "source_layer": "Layer2-preprocessed", "preprocessed_at": "2026-09-11T18:39:06.943599+00:00"}, "geometry": {"type": "Polygon", "coordinates": [[[77.5009857, 28.4504888], [77.5010613, 28.4504049], [77.5011089, 28.4504381], [77.5010332, 28.4505219], [77.5009857, 28.4504888]]]}}, {"type": "Feature", "properties": {"fid": 210, "name": null, "area_m2": 81.803, "est_height": 6.0, "building": "yes", "floor_count": 2, "source_layer": "Layer2-preprocessed", "preprocessed_at": "2026-09-11T18:39:06.944018+00:00"}, "geometry": {"type": "Polygon", "coordinates": [[[77.4998478, 28.4535291], [77.4998836, 28.4534886], [77.4999994, 28.4535679], [77.4999635, 28.4536084], [77.4998478, 28.4535291]]]}}, {"type": "Feature", "properties": {"fid": 211, "name": null, "area_m2": 639.557, "est_height": 12.0, "building": "yes", "floor_count": 4, "source_layer": "Layer2-preprocessed", "preprocessed_at": "2026-09-11T18:39:06.944270+00:00"}, "geometry": {"type": "Polygon", "coordinates": [[[77.5007714, 28.4527439], [77.50096, 28.4525311], [77.5011321, 28.452649], [77.5009435, 28.4528619], [77.5007714, 28.4527439]]]}}, {"type": "Feature", "properties": {"fid": 212, "name": null, "area_m2": 175.942, "est_height": 6.0, "building": "yes", "floor_count": 2, "source_layer": "Layer2-preprocessed", "preprocessed_at": "2026-09-11T18:39:06.944542+00:00"}, "geometry": {"type": "Polygon", "coordinates": [[[77.5024268, 28.4526617], [77.5024784, 28.4526035], [77.5026516, 28.4527221], [77.5026001, 28.4527803], [77.5024268, 28.4526617]]]}}, {"type": "Feature", "properties": {"fid": 213, "name": null, "area_m2": 184.651, "est_height": 6.0, "building": "yes", "floor_count": 2, "source_layer": "Layer2-preprocessed", "preprocessed_at": "2026-09-11T18:39:06.944775+00:00"}, "geometry": {"type": "Polygon", "coordinates": [[[77.5007489, 28.4504367], [77.5008169, 28.4503613], [77.5009553, 28.4504578], [77.5008872, 28.4505332], [77.5007489, 28.4504367]]]}}, {"type": "Feature", "properties": {"fid": 214, "name": null, "area_m2": 89.279, "est_height": 6.0, "building": "yes", "floor_count": 2, "source_layer": "Layer2-preprocessed", "preprocessed_at": "2026-09-11T18:39:06.945027+00:00"}, "geometry": {"type": "Polygon", "coordinates": [[[77.5013872, 28.4542593], [77.5014464, 28.4541924], [77.5015229, 28.4542449], [77.5014637, 28.4543117], [77.5013872, 28.4542593]]]}}, {"type": "Feature", "properties": {"fid": 215, "name": null, "area_m2": 52.173, "est_height": 6.0, "building": "yes", "floor_count": 2, "source_layer": "Layer2-preprocessed", "preprocessed_at": "2026-09-11T18:39:06.945248+00:00"}, "geometry": {"type": "Polygon", "coordinates": [[[77.5006267, 28.4502097], [77.5006859, 28.450144], [77.5007308, 28.4501753], [77.5006716, 28.450241], [77.5006267, 28.4502097]]]}}, {"type": "Feature", "properties": {"fid": 216, "name": null, "area_m2": 158.051, "est_height": 6.0, "building": "yes", "floor_count": 2, "source_layer": "Layer2-preprocessed", "preprocessed_at": "2026-09-11T18:39:06.945448+00:00"}, "geometry": {"type": "Polygon", "coordinates": [[[77.4997416, 28.4518199], [77.4998433, 28.4517072], [77.4999225, 28.4517625], [77.4998208, 28.4518752], [77.4997416, 28.4518199]]]}}, {"type": "Feature", "properties": {"fid": 217, "name": null, "area_m2": 246.347, "est_height": 12.0, "building": "yes", "floor_count": 4, "source_layer": "Layer2-preprocessed", "preprocessed_at": "2026-09-11T18:39:06.945679+00:00"}, "geometry": {"type": "Polygon", "coordinates": [[[77.5039409, 28.4515911], [77.5040329, 28.4514874], [77.5041689, 28.4515806], [77.504077, 28.4516843], [77.5039409, 28.4515911]]]}}, {"type": "Feature", "properties": {"fid": 218, "name": null, "area_m2": 59.913, "est_height": 6.0, "building": "yes", "floor_count": 2, "source_layer": "Layer2-preprocessed", "preprocessed_at": "2026-09-11T18:39:06.945968+00:00"}, "geometry": {"type": "Polygon", "coordinates": [[[77.5015155, 28.4543655], [77.5015594, 28.454316], [77.5016287, 28.4543635], [77.5015848, 28.454413], [77.5015155, 28.4543655]]]}}, {"type": "Feature", "properties": {"fid": 219, "name": null, "area_m2": 482.484, "est_height": 12.0, "building": "yes", "floor_count": 4, "source_layer": "Layer2-preprocessed", "preprocessed_at": "2026-09-11T18:39:06.946223+00:00"}, "geometry": {"type": "Polygon", "coordinates": [[[77.5040391, 28.4533705], [77.5041658, 28.4532275], [77.5043591, 28.4533599], [77.5042324, 28.4535029], [77.5040391, 28.4533705]]]}}, {"type": "Feature", "properties": {"fid": 220, "name": null, "area_m2": 114.397, "est_height": 6.0, "building": "yes", "floor_count": 2, "source_layer": "Layer2-preprocessed", "preprocessed_at": "2026-09-11T18:39:06.946438+00:00"}, "geometry": {"type": "Polygon", "coordinates": [[[77.499456, 28.4514178], [77.499558, 28.4513048], [77.4996152, 28.4513446], [77.4995132, 28.4514577], [77.499456, 28.4514178]]]}}, {"type": "Feature", "properties": {"fid": 221, "name": null, "area_m2": 54.505, "est_height": 6.0, "building": "yes", "floor_count": 2, "source_layer": "Layer2-preprocessed", "preprocessed_at": "2026-09-11T18:39:06.946684+00:00"}, "geometry": {"type": "Polygon", "coordinates": [[[77.5013662, 28.4555041], [77.5014069, 28.4554582], [77.5014749, 28.4555048], [77.5014342, 28.4555507], [77.5013662, 28.4555041]]]}}, {"type": "Feature", "properties": {"fid": 222, "name": null, "area_m2": 76.302, "est_height": 6.0, "building": "yes", "floor_count": 2, "source_layer": "Layer2-preprocessed", "preprocessed_at": "2026-09-11T18:39:06.946907+00:00"}, "geometry": {"type": "Polygon", "coordinates": [[[77.499557, 28.4502961], [77.499622, 28.4502241], [77.4996818, 28.4502659], [77.4996169, 28.4503379], [77.499557, 28.4502961]]]}}, {"type": "Feature", "properties": {"fid": 223, "name": null, "area_m2": 107.026, "est_height": 6.0, "building": "yes", "floor_count": 2, "source_layer": "Layer2-preprocessed", "preprocessed_at": "2026-09-11T18:39:06.947139+00:00"}, "geometry": {"type": "Polygon", "coordinates": [[[77.4985337, 28.4518041], [77.4986119, 28.4517174], [77.4986817, 28.4517661], [77.4986035, 28.4518527], [77.4985337, 28.4518041]]]}}, {"type": "Feature", "properties": {"fid": 224, "name": null, "area_m2": 78.354, "est_height": 6.0, "building": "yes", "floor_count": 2, "source_layer": "Layer2-preprocessed", "preprocessed_at": "2026-09-11T18:39:06.947336+00:00"}, "geometry": {"type": "Polygon", "coordinates": [[[77.5037847, 28.4536447], [77.5038401, 28.4535822], [77.5039119, 28.4536314], [77.5038565, 28.4536939], [77.5037847, 28.4536447]]]}}, {"type": "Feature", "properties": {"fid": 225, "name": null, "area_m2": 133.769, "est_height": 6.0, "building": "yes", "floor_count": 2, "source_layer": "Layer2-preprocessed", "preprocessed_at": "2026-09-11T18:39:06.947568+00:00"}, "geometry": {"type": "Polygon", "coordinates": [[[77.5016944, 28.4555243], [77.501759, 28.4554513], [77.5018641, 28.4555233], [77.5017994, 28.4555962], [77.5016944, 28.4555243]]]}}, {"type": "Feature", "properties": {"fid": 226, "name": null, "area_m2": 114.16, "est_height": 6.0, "building": "yes", "floor_count": 2, "source_layer": "Layer2-preprocessed", "preprocessed_at": "2026-09-11T18:39:06.947762+00:00"}, "geometry": {"type": "Polygon", "coordinates": [[[77.4994179, 28.450422], [77.499512, 28.4503177], [77.4995738, 28.4503608], [77.4994797, 28.4504652], [77.4994179, 28.450422]]]}}, {"type": "Feature", "properties": {"fid": 227, "name": null, "area_m2": 43.535, "est_height": 6.0, "building": "yes", "floor_count": 2, "source_layer": "Layer2-preprocessed", "preprocessed_at": "2026-09-11T18:39:06.947964+00:00"}, "geometry": {"type": "Polygon", "coordinates": [[[77.5012009, 28.4528204], [77.5012331, 28.452784], [77.5013017, 28.4528309], [77.5012694, 28.4528673], [77.5012009, 28.4528204]]]}}, {"type": "Feature", "properties": {"fid": 228, "name": null, "area_m2": 282.29, "est_height": 12.0, "building": "yes", "floor_count": 4, "source_layer": "Layer2-preprocessed", "preprocessed_at": "2026-09-11T18:39:06.948170+00:00"}, "geometry": {"type": "Polygon", "coordinates": [[[77.4982393, 28.4515994], [77.4984088, 28.4514115], [77.4984937, 28.4514707], [77.4983242, 28.4516586], [77.4982393, 28.4515994]]]}}, {"type": "Feature", "properties": {"fid": 229, "name": null, "area_m2": 62.051, "est_height": 6.0, "building": "yes", "floor_count": 2, "source_layer": "Layer2-preprocessed", "preprocessed_at": "2026-09-11T18:39:06.948366+00:00"}, "geometry": {"type": "Polygon", "coordinates": [[[77.5006705, 28.4506794], [77.500738, 28.4506045], [77.5007849, 28.4506372], [77.5007173, 28.450712], [77.5006705, 28.4506794]]]}}, {"type": "Feature", "properties": {"fid": 230, "name": null, "area_m2": 116.567, "est_height": 6.0, "building": "yes", "floor_count": 2, "source_layer": "Layer2-preprocessed", "preprocessed_at": "2026-09-11T18:39:06.948564+00:00"}, "geometry": {"type": "Polygon", "coordinates": [[[77.498698, 28.4529292], [77.4987605, 28.45286], [77.4988556, 28.4529264], [77.4987932, 28.4529956], [77.498698, 28.4529292]]]}}, {"type": "Feature", "properties": {"fid": 231, "name": null, "area_m2": 46.648, "est_height": 6.0, "building": "yes", "floor_count": 2, "source_layer": "Layer2-preprocessed", "preprocessed_at": "2026-09-11T18:39:06.948758+00:00"}, "geometry": {"type": "Polygon", "coordinates": [[[77.5015009, 28.4529988], [77.5015402, 28.4529545], [77.5016005, 28.4529958], [77.5015612, 28.4530401], [77.5015009, 28.4529988]]]}}, {"type": "Feature", "properties": {"fid": 232, "name": null, "area_m2": 103.981, "est_height": 6.0, "building": "yes", "floor_count": 2, "source_layer": "Layer2-preprocessed", "preprocessed_at": "2026-09-11T18:39:06.948949+00:00"}, "geometry": {"type": "Polygon", "coordinates": [[[77.5007809, 28.4507251], [77.5008546, 28.4506433], [77.5009265, 28.4506934], [77.5008527, 28.4507752], [77.5007809, 28.4507251]]]}}, {"type": "Feature", "properties": {"fid": 233, "name": null, "area_m2": 143.337, "est_height": 6.0, "building": "yes", "floor_count": 2, "source_layer": "Layer2-preprocessed", "preprocessed_at": "2026-09-11T18:39:06.949153+00:00"}, "geometry": {"type": "Polygon", "coordinates": [[[77.5020292, 28.4541792], [77.5021218, 28.4540747], [77.5022004, 28.4541285], [77.5021078, 28.454233], [77.5020292, 28.4541792]]]}}, {"type": "Feature", "properties": {"fid": 234, "name": null, "area_m2": 173.067, "est_height": 6.0, "building": "yes", "floor_count": 2, "source_layer": "Layer2-preprocessed", "preprocessed_at": "2026-09-11T18:39:06.949350+00:00"}, "geometry": {"type": "Polygon", "coordinates": [[[77.4984309, 28.4532182], [77.4984897, 28.453153], [77.4986397, 28.4532576], [77.4985808, 28.4533228], [77.4984309, 28.4532182]]]}}, {"type": "Feature", "properties": {"fid": 235, "name": null, "area_m2": 126.61, "est_height": 6.0, "building": "yes", "floor_count": 2, "source_layer": "Layer2-preprocessed", "preprocessed_at": "2026-09-11T18:39:06.949576+00:00"}, "geometry": {"type": "Polygon", "coordinates": [[[77.4996256, 28.451512], [77.499724, 28.451403], [77.4997896, 28.4514487], [77.4996912, 28.4515578], [77.4996256, 28.451512]]]}}, {"type": "Feature", "properties": {"fid": 236, "name": null, "area_m2": 172.491, "est_height": 6.0, "building": "yes", "floor_count": 2, "source_layer": "Layer2-preprocessed", "preprocessed_at": "2026-09-11T18:39:06.950024+00:00"}, "geometry": {"type": "Polygon", "coordinates": [[[77.5005005, 28.4532248], [77.5005496, 28.4531693], [77.5007279, 28.4532914], [77.5006788, 28.4533468], [77.5005005, 28.4532248]]]}}, {"type": "Feature", "properties": {"fid": 237, "name": null, "area_m2": 174.08, "est_height": 6.0, "building": "yes", "floor_count": 2, "source_layer": "Layer2-preprocessed", "preprocessed_at": "2026-09-11T18:39:06.950322+00:00"}, "geometry": {"type": "Polygon", "coordinates": [[[77.5017989, 28.4544318], [77.5018932, 28.4543254], [77.5019869, 28.4543896], [77.5018927, 28.454496], [77.5017989, 28.4544318]]]}}, {"type": "Feature", "properties": {"fid": 238, "name": null, "area_m2": 64.917, "est_height": 6.0, "building": "yes", "floor_count": 2, "source_layer": "Layer2-preprocessed", "preprocessed_at": "2026-09-11T18:39:06.950647+00:00"}, "geometry": {"type": "Polygon", "coordinates": [[[77.4993561, 28.4515247], [77.4994111, 28.4514637], [77.4994712, 28.4515057], [77.4994162, 28.4515667], [77.4993561, 28.4515247]]]}}, {"type": "Feature", "properties": {"fid": 239, "name": null, "area_m2": 94.376, "est_height": 6.0, "building": "yes", "floor_count": 2, "source_layer": "Layer2-preprocessed", "preprocessed_at": "2026-09-11T18:39:06.950988+00:00"}, "geometry": {"type": "Polygon", "coordinates": [[[77.501772, 28.4558261], [77.5018266, 28.4557645], [77.5019144, 28.4558247], [77.5018599, 28.4558862], [77.501772, 28.4558261]]]}}, {"type": "Feature", "properties": {"fid": 240, "name": null, "area_m2": 59.679, "est_height": 6.0, "building": "yes", "floor_count": 2, "source_layer": "Layer2-preprocessed", "preprocessed_at": "2026-09-11T18:39:06.951378+00:00"}, "geometry": {"type": "Polygon", "coordinates": [[[77.5001973, 28.4529841], [77.5002293, 28.452948], [77.500324, 28.4530129], [77.5002921, 28.453049], [77.5001973, 28.4529841]]]}}, {"type": "Feature", "properties": {"fid": 241, "name": null, "area_m2": 61.528, "est_height": 6.0, "building": "yes", "floor_count": 2, "source_layer": "Layer2-preprocessed", "preprocessed_at": "2026-09-11T18:39:06.951834+00:00"}, "geometry": {"type": "Polygon", "coordinates": [[[77.4980505, 28.4514524], [77.4980946, 28.4514035], [77.4981657, 28.4514531], [77.4981216, 28.451502], [77.4980505, 28.4514524]]]}}, {"type": "Feature", "properties": {"fid": 242, "name": null, "area_m2": 67.515, "est_height": 6.0, "building": "yes", "floor_count": 2, "source_layer": "Layer2-preprocessed", "preprocessed_at": "2026-09-11T18:39:06.952190+00:00"}, "geometry": {"type": "Polygon", "coordinates": [[[77.5037763, 28.4513971], [77.5038296, 28.4513369], [77.5038939, 28.4513809], [77.5038405, 28.4514411], [77.5037763, 28.4513971]]]}}, {"type": "Feature", "properties": {"fid": 243, "name": null, "area_m2": 199.918, "est_height": 6.0, "building": "yes", "floor_count": 2, "source_layer": "Layer2-preprocessed", "preprocessed_at": "2026-09-11T18:39:06.952403+00:00"}, "geometry": {"type": "Polygon", "coordinates": [[[77.5007418, 28.4551587], [77.500845, 28.4550421], [77.5009433, 28.4551094], [77.50084, 28.455226], [77.5007418, 28.4551587]]]}}, {"type": "Feature", "properties": {"fid": 244, "name": null, "area_m2": 247.831, "est_height": 12.0, "building": "yes", "floor_count": 4, "source_layer": "Layer2-preprocessed", "preprocessed_at": "2026-09-11T18:39:06.952629+00:00"}, "geometry": {"type": "Polygon", "coordinates": [[[77.4977618, 28.4512499], [77.4978946, 28.4511026], [77.4979897, 28.451169], [77.4978569, 28.4513162], [77.4977618, 28.4512499]]]}}, {"type": "Feature", "properties": {"fid": 245, "name": null, "area_m2": 67.53, "est_height": 6.0, "building": "yes", "floor_count": 2, "source_layer": "Layer2-preprocessed", "preprocessed_at": "2026-09-11T18:39:06.952829+00:00"}, "geometry": {"type": "Polygon", "coordinates": [[[77.5035491, 28.4516243], [77.503596, 28.4515714], [77.5036691, 28.4516215], [77.5036222, 28.4516744], [77.5035491, 28.4516243]]]}}, {"type": "Feature", "properties": {"fid": 246, "name": null, "area_m2": 106.475, "est_height": 6.0, "building": "yes", "floor_count": 2, "source_layer": "Layer2-preprocessed", "preprocessed_at": "2026-09-11T18:39:06.953028+00:00"}, "geometry": {"type": "Polygon", "coordinates": [[[77.4983373, 28.4530614], [77.4984014, 28.4529904], [77.4984861, 28.4530495], [77.498422, 28.4531205], [77.4983373, 28.4530614]]]}}, {"type": "Feature", "properties": {"fid": 247, "name": null, "area_m2": 374.914, "est_height": 12.0, "building": "yes", "floor_count": 4, "source_layer": "Layer2-preprocessed", "preprocessed_at": "2026-09-11T18:39:06.953258+00:00"}, "geometry": {"type": "Polygon", "coordinates": [[[77.5045352, 28.4520073], [77.5046705, 28.4518547], [77.5048112, 28.4519511], [77.5046759, 28.4521037], [77.5045352, 28.4520073]]]}}, {"type": "Feature", "properties": {"fid": 248, "name": null, "area_m2": 56.197, "est_height": 6.0, "building": "yes", "floor_count": 2, "source_layer": "Layer2-preprocessed", "preprocessed_at": "2026-09-11T18:39:06.953480+00:00"}, "geometry": {"type": "Polygon", "coordinates": [[[77.5000397, 28.4502313], [77.5000763, 28.4501907], [77.5001545, 28.4502453], [77.5001179, 28.4502859], [77.5000397, 28.4502313]]]}}, {"type": "Feature", "properties": {"fid": 249, "name": null, "area_m2": 176.761, "est_height": 6.0, "building": "yes", "floor_count": 2, "source_layer": "Layer2-preprocessed", "preprocessed_at": "2026-09-11T18:39:06.953684+00:00"}, "geometry": {"type": "Polygon", "coordinates": [[[77.4985165, 28.4527421], [77.4985691, 28.4526838], [77.4987404, 28.4528033], [77.4986878, 28.4528616], [77.4985165, 28.4527421]]]}}, {"type": "Feature", "properties": {"fid": 250, "name": null, "area_m2": 91.601, "est_height": 6.0, "building": "yes", "floor_count": 2, "source_layer": "Layer2-preprocessed", "preprocessed_at": "2026-09-11T18:39:06.953889+00:00"}, "geometry": {"type": "Polygon", "coordinates": [[[77.5048392, 28.452467], [77.5048966, 28.4524023], [77.5049776, 28.4524579], [77.5049203, 28.4525226], [77.5048392, 28.452467]]]}}, {"type": "Feature", "properties": {"fid": 251, "name": null, "area_m2": 144.285, "est_height": 6.0, "building": "yes", "floor_count": 2, "source_layer": "Layer2-preprocessed", "preprocessed_at": "2026-09-11T18:39:06.954112+00:00"}, "geometry": {"type": "Polygon", "coordinates": [[[77.4998794, 28.4527762], [77.4999216, 28.4527287], [77.5000955, 28.4528478], [77.5000534, 28.4528953], [77.4998794, 28.4527762]]]}}, {"type": "Feature", "properties": {"fid": 252, "name": null, "area_m2": 183.673, "est_height": 6.0, "building": "yes", "floor_count": 2, "source_layer": "Layer2-preprocessed", "preprocessed_at": "2026-09-11T18:39:06.954385+00:00"}, "geometry": {"type": "Polygon", "coordinates": [[[77.5031031, 28.4538806], [77.5031627, 28.4538133], [77.5033191, 28.4539204], [77.5032595, 28.4539877], [77.5031031, 28.4538806]]]}}, {"type": "Feature", "properties": {"fid": 253, "name": null, "area_m2": 102.772, "est_height": 6.0, "building": "yes", "floor_count": 2, "source_layer": "Layer2-preprocessed", "preprocessed_at": "2026-09-11T18:39:06.954580+00:00"}, "geometry": {"type": "Polygon", "coordinates": [[[77.5014319, 28.4499716], [77.5015046, 28.4498911], [77.5015767, 28.4499414], [77.501504, 28.4500219], [77.5014319, 28.4499716]]]}}, {"type": "Feature", "properties": {"fid": 254, "name": null, "area_m2": 388.687, "est_height": 12.0, "building": "yes", "floor_count": 4, "source_layer": "Layer2-preprocessed", "preprocessed_at": "2026-09-11T18:39:06.954784+00:00"}, "geometry": {"type": "Polygon", "coordinates": [[[77.50016, 28.4536176], [77.5002758, 28.453487], [77.5004462, 28.4536037], [77.5003304, 28.4537344], [77.50016, 28.4536176]]]}}, {"type": "Feature", "properties": {"fid": 255, "name": null, "area_m2": 186.802, "est_height": 6.0, "building": "yes", "floor_count": 2, "source_layer": "Layer2-preprocessed", "preprocessed_at": "2026-09-11T18:39:06.954989+00:00"}, "geometry": {"type": "Polygon", "coordinates": [[[77.5027037, 28.4535962], [77.5027657, 28.4535262], [77.5029187, 28.453631], [77.5028567, 28.4537009], [77.5027037, 28.4535962]]]}}, {"type": "Feature", "properties": {"fid": 256, "name": null, "area_m2": 63.162, "est_height": 6.0, "building": "yes", "floor_count": 2, "source_layer": "Layer2-preprocessed", "preprocessed_at": "2026-09-11T18:39:06.955191+00:00"}, "geometry": {"type": "Polygon", "coordinates": [[[77.5034115, 28.4518043], [77.5034637, 28.4517454], [77.5035251, 28.4517874], [77.5034729, 28.4518464], [77.5034115, 28.4518043]]]}}, {"type": "Feature", "properties": {"fid": 257, "name": null, "area_m2": 160.783, "est_height": 6.0, "building": "yes", "floor_count": 2, "source_layer": "Layer2-preprocessed", "preprocessed_at": "2026-09-11T18:39:06.955386+00:00"}, "geometry": {"type": "Polygon", "coordinates": [[[77.5004869, 28.4530487], [77.5005897, 28.4529327], [77.5006691, 28.452987], [77.5005663, 28.4531031], [77.5004869, 28.4530487]]]}}, {"type": "Feature", "properties": {"fid": 258, "name": null, "area_m2": 80.681, "est_height": 6.0, "building": "yes", "floor_count": 2, "source_layer": "Layer2-preprocessed", "preprocessed_at": "2026-09-11T18:39:06.955579+00:00"}, "geometry": {"type": "Polygon", "coordinates": [[[77.5016094, 28.4540318], [77.5016666, 28.4539672], [77.5017382, 28.4540163], [77.501681, 28.4540808], [77.5016094, 28.4540318]]]}}, {"type": "Feature", "properties": {"fid": 259, "name": null, "area_m2": 94.426, "est_height": 6.0, "building": "yes", "floor_count": 2, "source_layer": "Layer2-preprocessed", "preprocessed_at": "2026-09-11T18:39:06.955781+00:00"}, "geometry": {"type": "Polygon", "coordinates": [[[77.5002404, 28.4515428], [77.5003228, 28.4514515], [77.5003812, 28.4514922], [77.5002988, 28.4515836], [77.5002404, 28.4515428]]]}}, {"type": "Feature", "properties": {"fid": 260, "name": null, "area_m2": 75.069, "est_height": 6.0, "building": "yes", "floor_count": 2, "source_layer": "Layer2-preprocessed", "preprocessed_at": "2026-09-11T18:39:06.955977+00:00"}, "geometry": {"type": "Polygon", "coordinates": [[[77.5027692, 28.4524584], [77.5028189, 28.4524023], [77.5028956, 28.4524549], [77.5028459, 28.4525109], [77.5027692, 28.4524584]]]}}, {"type": "Feature", "properties": {"fid": 261, "name": null, "area_m2": 181.457, "est_height": 6.0, "building": "yes", "floor_count": 2, "source_layer": "Layer2-preprocessed", "preprocessed_at": "2026-09-11T18:39:06.956172+00:00"}, "geometry": {"type": "Polygon", "coordinates": [[[77.5012686, 28.4538067], [77.5013621, 28.4537012], [77.5014606, 28.4537687], [77.5013672, 28.4538742], [77.5012686, 28.4538067]]]}}, {"type": "Feature", "properties": {"fid": 262, "name": null, "area_m2": 62.704, "est_height": 6.0, "building": "yes", "floor_count": 2, "source_layer": "Layer2-preprocessed", "preprocessed_at": "2026-09-11T18:39:06.956373+00:00"}, "geometry": {"type": "Polygon", "coordinates": [[[77.5047097, 28.4526393], [77.5047603, 28.4525822], [77.5048232, 28.4526253], [77.5047726, 28.4526824], [77.5047097, 28.4526393]]]}}, {"type": "Feature", "properties": {"fid": 263, "name": null, "area_m2": 742.18, "est_height": 12.0, "building": "yes", "floor_count": 4, "source_layer": "Layer2-preprocessed", "preprocessed_at": "2026-09-11T18:39:06.956644+00:00"}, "geometry": {"type": "Polygon", "coordinates": [[[77.5022226, 28.4511712], [77.5024382, 28.4509278], [77.5026129, 28.4510475], [77.5023972, 28.4512909], [77.5022226, 28.4511712]]]}}, {"type": "Feature", "properties": {"fid": 264, "name": null, "area_m2": 95.993, "est_height": 6.0, "building": "yes", "floor_count": 2, "source_layer": "Layer2-preprocessed", "preprocessed_at": "2026-09-11T18:39:06.956968+00:00"}, "geometry": {"type": "Polygon", "coordinates": [[[77.5012404, 28.4548098], [77.5012961, 28.454747], [77.5013836, 28.454807], [77.501328, 28.4548698], [77.5012404, 28.4548098]]]}}, {"type": "Feature", "properties": {"fid": 265, "name": null, "area_m2": 154.909, "est_height": 6.0, "building": "yes", "floor_count": 2, "source_layer": "Layer2-preprocessed", "preprocessed_at": "2026-09-11T18:39:06.957613+00:00"}, "geometry": {"type": "Polygon", "coordinates": [[[77.499214, 28.4522738], [77.4993317, 28.4521433], [77.4993988, 28.4521901], [77.499281, 28.4523206], [77.499214, 28.4522738]]]}}, {"type": "Feature", "properties": {"fid": 266, "name": null, "area_m2": 95.531, "est_height": 6.0, "building": "yes", "floor_count": 2, "source_layer": "Layer2-preprocessed", "preprocessed_at": "2026-09-11T18:39:06.957958+00:00"}, "geometry": {"type": "Polygon", "coordinates": [[[77.5045425, 28.4527926], [77.5045973, 28.4527307], [77.5046857, 28.4527912], [77.5046308, 28.4528532], [77.5045425, 28.4527926]]]}}, {"type": "Feature", "properties": {"fid": 267, "name": null, "area_m2": 59.023, "est_height": 6.0, "building": "yes", "floor_count": 2, "source_layer": "Layer2-preprocessed", "preprocessed_at": "2026-09-11T18:39:06.958196+00:00"}, "geometry": {"type": "Polygon", "coordinates": [[[77.5012569, 28.4551939], [77.5012916, 28.4551547], [77.5013779, 28.4552138], [77.5013432, 28.455253], [77.5012569, 28.4551939]]]}}, {"type": "Feature", "properties": {"fid": 268, "name": null, "area_m2": 57.19, "est_height": 6.0, "building": "yes", "floor_count": 2, "source_layer": "Layer2-preprocessed", "preprocessed_at": "2026-09-11T18:39:06.958421+00:00"}, "geometry": {"type": "Polygon", "coordinates": [[[77.4998066, 28.4500501], [77.4998449, 28.4500076], [77.499921, 28.4500606], [77.4998826, 28.4501031], [77.4998066, 28.4500501]]]}}, {"type": "Feature", "properties": {"fid": 269, "name": null, "area_m2": 169.318, "est_height": 6.0, "building": "yes", "floor_count": 2, "source_layer": "Layer2-preprocessed", "preprocessed_at": "2026-09-11T18:39:06.958651+00:00"}, "geometry": {"type": "Polygon", "coordinates": [[[77.5023621, 28.4534311], [77.5024709, 28.4533083], [77.5025499, 28.4533624], [77.5024411, 28.4534852], [77.5023621, 28.4534311]]]}}, {"type": "Feature", "properties": {"fid": 270, "name": null, "area_m2": 111.375, "est_height": 6.0, "building": "yes", "floor_count": 2, "source_layer": "Layer2-preprocessed", "preprocessed_at": "2026-09-11T18:39:06.959068+00:00"}, "geometry": {"type": "Polygon", "coordinates": [[[77.502933, 28.4527193], [77.5029845, 28.4526611], [77.5030942, 28.4527362], [77.5030426, 28.4527944], [77.502933, 28.4527193]]]}}, {"type": "Feature", "properties": {"fid": 271, "name": null, "area_m2": 62.525, "est_height": 6.0, "building": "yes", "floor_count": 2, "source_layer": "Layer2-preprocessed", "preprocessed_at": "2026-09-11T18:39:06.959429+00:00"}, "geometry": {"type": "Polygon", "coordinates": [[[77.5009849, 28.450346], [77.5010562, 28.450267], [77.5011009, 28.4502982], [77.5010296, 28.4503772], [77.5009849, 28.450346]]]}}, {"type": "Feature", "properties": {"fid": 272, "name": null, "area_m2": 43.928, "est_height": 6.0, "building": "yes", "floor_count": 2, "source_layer": "Layer2-preprocessed", "preprocessed_at": "2026-09-11T18:39:06.959689+00:00"}, "geometry": {"type": "Polygon", "coordinates": [[[77.5001824, 28.4502262], [77.5002146, 28.4501906], [77.5002842, 28.4502391], [77.5002521, 28.4502748], [77.5001824, 28.4502262]]]}}, {"type": "Feature", "properties": {"fid": 273, "name": null, "area_m2": 74.877, "est_height": 6.0, "building": "yes", "floor_count": 2, "source_layer": "Layer2-preprocessed", "preprocessed_at": "2026-09-11T18:39:06.959891+00:00"}, "geometry": {"type": "Polygon", "coordinates": [[[77.4978848, 28.4519609], [77.4979385, 28.4519014], [77.4980096, 28.4519511], [77.4979559, 28.4520105], [77.4978848, 28.4519609]]]}}, {"type": "Feature", "properties": {"fid": 274, "name": null, "area_m2": 469.784, "est_height": 12.0, "building": "yes", "floor_count": 4, "source_layer": "Layer2-preprocessed", "preprocessed_at": "2026-09-11T18:39:06.960109+00:00"}, "geometry": {"type": "Polygon", "coordinates": [[[77.5003064, 28.452393], [77.5004844, 28.4521922], [77.5006184, 28.452284], [77.5004404, 28.4524848], [77.5003064, 28.452393]]]}}, {"type": "Feature", "properties": {"fid": 275, "name": null, "area_m2": 66.971, "est_height": 6.0, "building": "yes", "floor_count": 2, "source_layer": "Layer2-preprocessed", "preprocessed_at": "2026-09-11T18:39:06.960373+00:00"}, "geometry": {"type": "Polygon", "coordinates": [[[77.5009025, 28.4505739], [77.5009712, 28.4504977], [77.5010209, 28.4505324], [77.5009522, 28.4506085], [77.5009025, 28.4505739]]]}}, {"type": "Feature", "properties": {"fid": 276, "name": null, "area_m2": 94.102, "est_height": 6.0, "building": "yes", "floor_count": 2, "source_layer": "Layer2-preprocessed", "preprocessed_at": "2026-09-11T18:39:06.960571+00:00"}, "geometry": {"type": "Polygon", "coordinates": [[[77.501163, 28.4539509], [77.5012185, 28.4538883], [77.5013046, 28.4539474], [77.5012492, 28.4540099], [77.501163, 28.4539509]]]}}, {"type": "Feature", "properties": {"fid": 277, "name": null, "area_m2": 52.255, "est_height": 6.0, "building": "yes", "floor_count": 2, "source_layer": "Layer2-preprocessed", "preprocessed_at": "2026-09-11T18:39:06.960766+00:00"}, "geometry": {"type": "Polygon", "coordinates": [[[77.5033992, 28.4540619], [77.503439, 28.454017], [77.5035056, 28.4540626], [77.5034658, 28.4541076], [77.5033992, 28.4540619]]]}}, {"type": "Feature", "properties": {"fid": 278, "name": null, "area_m2": 68.023, "est_height": 6.0, "building": "yes", "floor_count": 2, "source_layer": "Layer2-preprocessed", "preprocessed_at": "2026-09-11T18:39:06.960990+00:00"}, "geometry": {"type": "Polygon", "coordinates": [[[77.499888, 28.4518939], [77.4999431, 28.4518328], [77.500006, 28.4518767], [77.4999509, 28.4519378], [77.499888, 28.4518939]]]}}, {"type": "Feature", "properties": {"fid": 279, "name": null, "area_m2": 110.715, "est_height": 6.0, "building": "yes", "floor_count": 2, "source_layer": "Layer2-preprocessed", "preprocessed_at": "2026-09-11T18:39:06.961262+00:00"}, "geometry": {"type": "Polygon", "coordinates": [[[77.4996917, 28.4511089], [77.4997642, 28.4510286], [77.4998421, 28.4510829], [77.4997696, 28.4511632], [77.4996917, 28.4511089]]]}}, {"type": "Feature", "properties": {"fid": 280, "name": null, "area_m2": 38.39, "est_height": 6.0, "building": "yes", "floor_count": 2, "source_layer": "Layer2-preprocessed", "preprocessed_at": "2026-09-11T18:39:06.961521+00:00"}, "geometry": {"type": "Polygon", "coordinates": [[[77.5018843, 28.4542501], [77.5019281, 28.4542007], [77.5019726, 28.4542312], [77.5019288, 28.4542806], [77.5018843, 28.4542501]]]}}, {"type": "Feature", "properties": {"fid": 281, "name": null, "area_m2": 122.367, "est_height": 6.0, "building": "yes", "floor_count": 2, "source_layer": "Layer2-preprocessed", "preprocessed_at": "2026-09-11T18:39:06.961726+00:00"}, "geometry": {"type": "Polygon", "coordinates": [[[77.4993241, 28.4513179], [77.4994316, 28.4511987], [77.4994896, 28.4512391], [77.4993821, 28.4513584], [77.4993241, 28.4513179]]]}}, {"type": "Feature", "properties": {"fid": 282, "name": null, "area_m2": 100.028, "est_height": 6.0, "building": "yes", "floor_count": 2, "source_layer": "Layer2-preprocessed", "preprocessed_at": "2026-09-11T18:39:06.962134+00:00"}, "geometry": {"type": "Polygon", "coordinates": [[[77.5015985, 28.4550776], [77.5016581, 28.4550103], [77.5017433, 28.4550686], [77.5016837, 28.4551359], [77.5015985, 28.4550776]]]}}, {"type": "Feature", "properties": {"fid": 283, "name": null, "area_m2": 282.001, "est_height": 12.0, "building": "yes", "floor_count": 4, "source_layer": "Layer2-preprocessed", "preprocessed_at": "2026-09-11T18:39:06.962532+00:00"}, "geometry": {"type": "Polygon", "coordinates": [[[77.5018486, 28.4541225], [77.5019772, 28.4539773], [77.5020885, 28.4540536], [77.5019599, 28.4541987], [77.5018486, 28.4541225]]]}}, {"type": "Feature", "properties": {"fid": 284, "name": null, "area_m2": 58.238, "est_height": 6.0, "building": "yes", "floor_count": 2, "source_layer": "Layer2-preprocessed", "preprocessed_at": "2026-09-11T18:39:06.962795+00:00"}, "geometry": {"type": "Polygon", "coordinates": [[[77.4987977, 28.4518484], [77.4988442, 28.4517968], [77.498908, 28.4518413], [77.4988615, 28.4518929], [77.4987977, 28.4518484]]]}}, {"type": "Feature", "properties": {"fid": 285, "name": null, "area_m2": 88.809, "est_height": 6.0, "building": "yes", "floor_count": 2, "source_layer": "Layer2-preprocessed", "preprocessed_at": "2026-09-11T18:39:06.963013+00:00"}, "geometry": {"type": "Polygon", "coordinates": [[[77.500098, 28.451431], [77.5001721, 28.451349], [77.5002332, 28.4513916], [77.5001592, 28.4514737], [77.500098, 28.451431]]]}}, {"type": "Feature", "properties": {"fid": 286, "name": null, "area_m2": 62.412, "est_height": 6.0, "building": "yes", "floor_count": 2, "source_layer": "Layer2-preprocessed", "preprocessed_at": "2026-09-11T18:39:06.963223+00:00"}, "geometry": {"type": "Polygon", "coordinates": [[[77.49903, 28.4517645], [77.499082, 28.4517069], [77.4991432, 28.4517496], [77.4990912, 28.4518072], [77.49903, 28.4517645]]]}}, {"type": "Feature", "properties": {"fid": 287, "name": null, "area_m2": 87.782, "est_height": 6.0, "building": "yes", "floor_count": 2, "source_layer": "Layer2-preprocessed", "preprocessed_at": "2026-09-11T18:39:06.963443+00:00"}, "geometry": {"type": "Polygon", "coordinates": [[[77.5016932, 28.4553622], [77.5017466, 28.455302], [77.5018301, 28.4553592], [77.5017768, 28.4554194], [77.5016932, 28.4553622]]]}}, {"type": "Feature", "properties": {"fid": 288, "name": null, "area_m2": 126.251, "est_height": 6.0, "building": "yes", "floor_count": 2, "source_layer": "Layer2-preprocessed", "preprocessed_at": "2026-09-11T18:39:06.963984+00:00"}, "geometry": {"type": "Polygon", "coordinates": [[[77.4984273, 28.4517323], [77.4985023, 28.4516492], [77.4985881, 28.4517091], [77.4985131, 28.4517922], [77.4984273, 28.4517323]]]}}, {"type": "Feature", "properties": {"fid": 289, "name": null, "area_m2": 99.167, "est_height": 6.0, "building": "yes", "floor_count": 2, "source_layer": "Layer2-preprocessed", "preprocessed_at": "2026-09-11T18:39:06.964390+00:00"}, "geometry": {"type": "Polygon", "coordinates": [[[77.5006953, 28.4548519], [77.5007643, 28.4547741], [77.5008373, 28.4548241], [77.5007683, 28.4549019], [77.5006953, 28.4548519]]]}}, {"type": "Feature", "properties": {"fid": 290, "name": null, "area_m2": 378.528, "est_height": 12.0, "building": "yes", "floor_count": 4, "source_layer": "Layer2-preprocessed", "preprocessed_at": "2026-09-11T18:39:06.964731+00:00"}, "geometry": {"type": "Polygon", "coordinates": [[[77.4988789, 28.4527712], [77.4990039, 28.4526327], [77.4991583, 28.4527404], [77.4990333, 28.4528789], [77.4988789, 28.4527712]]]}}, {"type": "Feature", "properties": {"fid": 291, "name": null, "area_m2": 49.824, "est_height": 6.0, "building": "yes", "floor_count": 2, "source_layer": "Layer2-preprocessed", "preprocessed_at": "2026-09-11T18:39:06.965096+00:00"}, "geometry": {"type": "Polygon", "coordinates": [[[77.4994468, 28.4523279], [77.4994769, 28.4522945], [77.4995612, 28.4523533], [77.499531, 28.4523867], [77.4994468, 28.4523279]]]}}, {"type": "Feature", "properties": {"fid": 292, "name": null, "area_m2": 208.2, "est_height": 12.0, "building": "yes", "floor_count": 4, "source_layer": "Layer2-preprocessed", "preprocessed_at": "2026-09-11T18:39:06.965535+00:00"}, "geometry": {"type": "Polygon", "coordinates": [[[77.4984306, 28.4520509], [77.4985661, 28.4519007], [77.4986444, 28.4519554], [77.498509, 28.4521055], [77.4984306, 28.4520509]]]}}, {"type": "Feature", "properties": {"fid": 293, "name": null, "area_m2": 119.037, "est_height": 6.0, "building": "yes", "floor_count": 2, "source_layer": "Layer2-preprocessed", "preprocessed_at": "2026-09-11T18:39:06.965985+00:00"}, "geometry": {"type": "Polygon", "coordinates": [[[77.4986189, 28.4530058], [77.4986794, 28.4529387], [77.4987796, 28.4530087], [77.4987191, 28.4530758], [77.4986189, 28.4530058]]]}}, {"type": "Feature", "properties": {"fid": 294, "name": null, "area_m2": 83.171, "est_height": 6.0, "building": "yes", "floor_count": 2, "source_layer": "Layer2-preprocessed", "preprocessed_at": "2026-09-11T18:39:06.966248+00:00"}, "geometry": {"type": "Polygon", "coordinates": [[[77.5010401, 28.4500921], [77.5011025, 28.4500229], [77.5011704, 28.4500703], [77.501108, 28.4501395], [77.5010401, 28.4500921]]]}}, {"type": "Feature", "properties": {"fid": 295, "name": null, "area_m2": 89.236, "est_height": 6.0, "building": "yes", "floor_count": 2, "source_layer": "Layer2-preprocessed", "preprocessed_at": "2026-09-11T18:39:06.966495+00:00"}, "geometry": {"type": "Polygon", "coordinates": [[[77.4989023, 28.4522617], [77.4989625, 28.4521951], [77.4990381, 28.4522478], [77.498978, 28.4523145], [77.4989023, 28.4522617]]]}}, {"type": "Feature", "properties": {"fid": 296, "name": null, "area_m2": 217.145, "est_height": 12.0, "building": "yes", "floor_count": 4, "source_layer": "Layer2-preprocessed", "preprocessed_at": "2026-09-11T18:39:06.966692+00:00"}, "geometry": {"type": "Polygon", "coordinates": [[[77.4981918, 28.4535098], [77.4983264, 28.4533606], [77.4984086, 28.453418], [77.498274, 28.4535672], [77.4981918, 28.4535098]]]}}, {"type": "Feature", "properties": {"fid": 297, "name": null, "area_m2": 97.132, "est_height": 6.0, "building": "yes", "floor_count": 2, "source_layer": "Layer2-preprocessed", "preprocessed_at": "2026-09-11T18:39:06.966912+00:00"}, "geometry": {"type": "Polygon", "coordinates": [[[77.5009423, 28.455877], [77.5010071, 28.4558107], [77.5010847, 28.4558693], [77.5010199, 28.4559356], [77.5009423, 28.455877]]]}}, {"type": "Feature", "properties": {"fid": 298, "name": null, "area_m2": 51.253, "est_height": 6.0, "building": "yes", "floor_count": 2, "source_layer": "Layer2-preprocessed", "preprocessed_at": "2026-09-11T18:39:06.967151+00:00"}, "geometry": {"type": "Polygon", "coordinates": [[[77.5001259, 28.4517921], [77.5001748, 28.4517379], [77.5002282, 28.4517752], [77.5001793, 28.4518294], [77.5001259, 28.4517921]]]}}, {"type": "Feature", "properties": {"fid": 299, "name": null, "area_m2": 166.772, "est_height": 6.0, "building": "yes", "floor_count": 2, "source_layer": "Layer2-preprocessed", "preprocessed_at": "2026-09-11T18:39:06.967346+00:00"}, "geometry": {"type": "Polygon", "coordinates": [[[77.4989851, 28.454451], [77.4990509, 28.4543768], [77.4991796, 28.454465], [77.4991138, 28.4545392], [77.4989851, 28.454451]]]}}, {"type": "Feature", "properties": {"fid": 300, "name": null, "area_m2": 275.422, "est_height": 12.0, "building": "yes", "floor_count": 4, "source_layer": "Layer2-preprocessed", "preprocessed_at": "2026-09-11T18:39:06.967550+00:00"}, "geometry": {"type": "Polygon", "coordinates": [[[77.4988909, 28.4538076], [77.4990308, 28.4536496], [77.4991307, 28.4537181], [77.4989908, 28.453876], [77.4988909, 28.4538076]]]}}, {"type": "Feature", "properties": {"fid": 301, "name": null, "area_m2": 71.317, "est_height": 6.0, "building": "yes", "floor_count": 2, "source_layer": "Layer2-preprocessed", "preprocessed_at": "2026-09-11T18:39:06.967776+00:00"}, "geometry": {"type": "Polygon", "coordinates": [[[77.4989025, 28.4520685], [77.4989516, 28.452014], [77.4990256, 28.4520657], [77.4989765, 28.4521201], [77.4989025, 28.4520685]]]}}, {"type": "Feature", "properties": {"fid": 302, "name": null, "area_m2": 166.384, "est_height": 6.0, "building": "yes", "floor_count": 2, "source_layer": "Layer2-preprocessed", "preprocessed_at": "2026-09-11T18:39:06.968002+00:00"}, "geometry": {"type": "Polygon", "coordinates": [[[77.4994124, 28.4538394], [77.4994895, 28.4537524], [77.499599, 28.4538275], [77.499522, 28.4539145], [77.4994124, 28.4538394]]]}}, {"type": "Feature", "properties": {"fid": 303, "name": null, "area_m2": 61.32, "est_height": 6.0, "building": "yes", "floor_count": 2, "source_layer": "Layer2-preprocessed", "preprocessed_at": "2026-09-11T18:39:06.968372+00:00"}, "geometry": {"type": "Polygon", "coordinates": [[[77.5039108, 28.452263], [77.5039579, 28.4522098], [77.504024, 28.452255], [77.5039768, 28.4523082], [77.5039108, 28.452263]]]}}, {"type": "Feature", "properties": {"fid": 304, "name": null, "area_m2": 56.676, "est_height": 6.0, "building": "yes", "floor_count": 2, "source_layer": "Layer2-preprocessed", "preprocessed_at": "2026-09-11T18:39:06.968701+00:00"}, "geometry": {"type": "Polygon", "coordinates": [[[77.4978984, 28.4520735], [77.4979333, 28.4520348], [77.498016, 28.4520924], [77.497981, 28.4521312], [77.4978984, 28.4520735]]]}}, {"type": "Feature", "properties": {"fid": 305, "name": null, "area_m2": 122.329, "est_height": 6.0, "building": "yes", "floor_count": 2, "source_layer": "Layer2-preprocessed", "preprocessed_at": "2026-09-11T18:39:06.968988+00:00"}, "geometry": {"type": "Polygon", "coordinates": [[[77.5012565, 28.4559317], [77.5013375, 28.4558488], [77.5014157, 28.4559078], [77.5013347, 28.4559907], [77.5012565, 28.4559317]]]}}, {"type": "Feature", "properties": {"fid": 306, "name": null, "area_m2": 75.134, "est_height": 6.0, "building": "yes", "floor_count": 2, "source_layer": "Layer2-preprocessed", "preprocessed_at": "2026-09-11T18:39:06.969212+00:00"}, "geometry": {"type": "Polygon", "coordinates": [[[77.5036531, 28.4519735], [77.5037103, 28.451909], [77.503777, 28.4519546], [77.5037198, 28.4520192], [77.5036531, 28.4519735]]]}}, {"type": "Feature", "properties": {"fid": 307, "name": null, "area_m2": 70.533, "est_height": 6.0, "building": "yes", "floor_count": 2, "source_layer": "Layer2-preprocessed", "preprocessed_at": "2026-09-11T18:39:06.969463+00:00"}, "geometry": {"type": "Polygon", "coordinates": [[[77.4993765, 28.4547673], [77.4994399, 28.4546958], [77.4994964, 28.4547345], [77.499433, 28.454806], [77.4993765, 28.4547673]]]}}, {"type": "Feature", "properties": {"fid": 308, "name": null, "area_m2": 77.385, "est_height": 6.0, "building": "yes", "floor_count": 2, "source_layer": "Layer2-preprocessed", "preprocessed_at": "2026-09-11T18:39:06.969677+00:00"}, "geometry": {"type": "Polygon", "coordinates": [[[77.5037808, 28.4531898], [77.5038318, 28.4531321], [77.5039088, 28.4531848], [77.5038577, 28.4532424], [77.5037808, 28.4531898]]]}}, {"type": "Feature", "properties": {"fid": 309, "name": null, "area_m2": 55.472, "est_height": 6.0, "building": "yes", "floor_count": 2, "source_layer": "Layer2-preprocessed", "preprocessed_at": "2026-09-11T18:39:06.969879+00:00"}, "geometry": {"type": "Polygon", "coordinates": [[[77.499797, 28.4506042], [77.4998482, 28.4505474], [77.4999034, 28.4505859], [77.4998522, 28.4506427], [77.499797, 28.4506042]]]}}, {"type": "Feature", "properties": {"fid": 310, "name": null, "area_m2": 56.843, "est_height": 6.0, "building": "yes", "floor_count": 2, "source_layer": "Layer2-preprocessed", "preprocessed_at": "2026-09-11T18:39:06.970081+00:00"}, "geometry": {"type": "Polygon", "coordinates": [[[77.5002607, 28.4529025], [77.5002904, 28.4528689], [77.5003874, 28.4529353], [77.5003576, 28.4529689], [77.5002607, 28.4529025]]]}}, {"type": "Feature", "properties": {"fid": 311, "name": null, "area_m2": 211.112, "est_height": 12.0, "building": "yes", "floor_count": 4, "source_layer": "Layer2-preprocessed", "preprocessed_at": "2026-09-11T18:39:06.970297+00:00"}, "geometry": {"type": "Polygon", "coordinates": [[[77.503304, 28.4531289], [77.5034036, 28.4530165], [77.5035112, 28.4530902], [77.5034116, 28.4532026], [77.503304, 28.4531289]]]}}, {"type": "Feature", "properties": {"fid": 312, "name": null, "area_m2": 66.425, "est_height": 6.0, "building": "yes", "floor_count": 2, "source_layer": "Layer2-preprocessed", "preprocessed_at": "2026-09-11T18:39:06.970702+00:00"}, "geometry": {"type": "Polygon", "coordinates": [[[77.4995255, 28.454102], [77.499569, 28.4540529], [77.4996465, 28.454106], [77.499603, 28.4541551], [77.4995255, 28.454102]]]}}, {"type": "Feature", "properties": {"fid": 313, "name": null, "area_m2": 129.498, "est_height": 6.0, "building": "yes", "floor_count": 2, "source_layer": "Layer2-preprocessed", "preprocessed_at": "2026-09-11T18:39:06.971027+00:00"}, "geometry": {"type": "Polygon", "coordinates": [[[77.5019468, 28.4534201], [77.502024, 28.4533329], [77.5021091, 28.4533912], [77.5020319, 28.4534784], [77.5019468, 28.4534201]]]}}, {"type": "Feature", "properties": {"fid": 314, "name": null, "area_m2": 128.03, "est_height": 6.0, "building": "yes", "floor_count": 2, "source_layer": "Layer2-preprocessed", "preprocessed_at": "2026-09-11T18:39:06.971365+00:00"}, "geometry": {"type": "Polygon", "coordinates": [[[77.4995987, 28.4508769], [77.499693, 28.4507724], [77.4997622, 28.4508207], [77.4996679, 28.4509252], [77.4995987, 28.4508769]]]}}, {"type": "Feature", "properties": {"fid": 315, "name": null, "area_m2": 286.973, "est_height": 12.0, "building": "yes", "floor_count": 4, "source_layer": "Layer2-preprocessed", "preprocessed_at": "2026-09-11T18:39:06.971778+00:00"}, "geometry": {"type": "Polygon", "coordinates": [[[77.4997031, 28.4540841], [77.4998335, 28.4539369], [77.4999452, 28.4540135], [77.4998148, 28.4541606], [77.4997031, 28.4540841]]]}}, {"type": "Feature", "properties": {"fid": 316, "name": null, "area_m2": 112.924, "est_height": 6.0, "building": "yes", "floor_count": 2, "source_layer": "Layer2-preprocessed", "preprocessed_at": "2026-09-11T18:39:06.972175+00:00"}, "geometry": {"type": "Polygon", "coordinates": [[[77.5024045, 28.4537072], [77.5024667, 28.453637], [77.5025589, 28.4537002], [77.5024967, 28.4537703], [77.5024045, 28.4537072]]]}}, {"type": "Feature", "properties": {"fid": 317, "name": null, "area_m2": 80.66, "est_height": 6.0, "building": "yes", "floor_count": 2, "source_layer": "Layer2-preprocessed", "preprocessed_at": "2026-09-11T18:39:06.972558+00:00"}, "geometry": {"type": "Polygon", "coordinates": [[[77.503497, 28.4521446], [77.5035559, 28.4520781], [77.5036254, 28.4521257], [77.5035665, 28.4521922], [77.503497, 28.4521446]]]}}, {"type": "Feature", "properties": {"fid": 318, "name": null, "area_m2": 109.079, "est_height": 6.0, "building": "yes", "floor_count": 2, "source_layer": "Layer2-preprocessed", "preprocessed_at": "2026-09-11T18:39:06.972871+00:00"}, "geometry": {"type": "Polygon", "coordinates": [[[77.5000852, 28.4512313], [77.5001732, 28.4511338], [77.5002364, 28.4511778], [77.5001484, 28.4512754], [77.5000852, 28.4512313]]]}}, {"type": "Feature", "properties": {"fid": 319, "name": null, "area_m2": 79.816, "est_height": 6.0, "building": "yes", "floor_count": 2, "source_layer": "Layer2-preprocessed", "preprocessed_at": "2026-09-11T18:39:06.973200+00:00"}, "geometry": {"type": "Polygon", "coordinates": [[[77.5023884, 28.4545931], [77.5024333, 28.4545425], [77.5025236, 28.4546044], [77.5024788, 28.454655], [77.5023884, 28.4545931]]]}}, {"type": "Feature", "properties": {"fid": 320, "name": null, "area_m2": 51.252, "est_height": 6.0, "building": "yes", "floor_count": 2, "source_layer": "Layer2-preprocessed", "preprocessed_at": "2026-09-11T18:39:06.973505+00:00"}, "geometry": {"type": "Polygon", "coordinates": [[[77.4996804, 28.4521213], [77.4997347, 28.452061], [77.4997828, 28.4520945], [77.4997284, 28.4521548], [77.4996804, 28.4521213]]]}}, {"type": "Feature", "properties": {"fid": 321, "name": null, "area_m2": 210.556, "est_height": 12.0, "building": "yes", "floor_count": 4, "source_layer": "Layer2-preprocessed", "preprocessed_at": "2026-09-11T18:39:06.973762+00:00"}, "geometry": {"type": "Polygon", "coordinates": [[[77.5030506, 28.4526263], [77.5031592, 28.4525037], [77.5032576, 28.4525711], [77.503149, 28.4526937], [77.5030506, 28.4526263]]]}}, {"type": "Feature", "properties": {"fid": 322, "name": null, "area_m2": 138.948, "est_height": 6.0, "building": "yes", "floor_count": 2, "source_layer": "Layer2-preprocessed", "preprocessed_at": "2026-09-11T18:39:06.973972+00:00"}, "geometry": {"type": "Polygon", "coordinates": [[[77.5028092, 28.4547169], [77.502892, 28.4546234], [77.5029772, 28.4546818], [77.5028943, 28.4547752], [77.5028092, 28.4547169]]]}}, {"type": "Feature", "properties": {"fid": 323, "name": null, "area_m2": 105.918, "est_height": 6.0, "building": "yes", "floor_count": 2, "source_layer": "Layer2-preprocessed", "preprocessed_at": "2026-09-11T18:39:06.974171+00:00"}, "geometry": {"type": "Polygon", "coordinates": [[[77.5003728, 28.4504655], [77.5004587, 28.4503703], [77.5005216, 28.4504141], [77.5004357, 28.4505093], [77.5003728, 28.4504655]]]}}, {"type": "Feature", "properties": {"fid": 324, "name": null, "area_m2": 77.454, "est_height": 6.0, "building": "yes", "floor_count": 2, "source_layer": "Layer2-preprocessed", "preprocessed_at": "2026-09-11T18:39:06.974389+00:00"}, "geometry": {"type": "Polygon", "coordinates": [[[77.5031497, 28.4533012], [77.5032011, 28.4532432], [77.5032776, 28.4532956], [77.5032262, 28.4533536], [77.5031497, 28.4533012]]]}}, {"type": "Feature", "properties": {"fid": 325, "name": null, "area_m2": 159.65, "est_height": 6.0, "building": "yes", "floor_count": 2, "source_layer": "Layer2-preprocessed", "preprocessed_at": "2026-09-11T18:39:06.974585+00:00"}, "geometry": {"type": "Polygon", "coordinates": [[[77.499374, 28.4520397], [77.4995012, 28.4518987], [77.4995652, 28.4519433], [77.499438, 28.4520843], [77.499374, 28.4520397]]]}}, {"type": "Feature", "properties": {"fid": 326, "name": null, "area_m2": 52.187, "est_height": 6.0, "building": "yes", "floor_count": 2, "source_layer": "Layer2-preprocessed", "preprocessed_at": "2026-09-11T18:39:06.974778+00:00"}, "geometry": {"type": "Polygon", "coordinates": [[[77.497589, 28.4517316], [77.4976421, 28.4516728], [77.4976922, 28.4517077], [77.4976391, 28.4517666], [77.497589, 28.4517316]]]}}, {"type": "Feature", "properties": {"fid": 327, "name": null, "area_m2": 43.119, "est_height": 6.0, "building": "yes", "floor_count": 2, "source_layer": "Layer2-preprocessed", "preprocessed_at": "2026-09-11T18:39:06.975005+00:00"}, "geometry": {"type": "Polygon", "coordinates": [[[77.5036136, 28.4540739], [77.5036614, 28.45402], [77.5037072, 28.4540514], [77.5036594, 28.4541053], [77.5036136, 28.4540739]]]}}, {"type": "Feature", "properties": {"fid": 328, "name": null, "area_m2": 103.008, "est_height": 6.0, "building": "yes", "floor_count": 2, "source_layer": "Layer2-preprocessed", "preprocessed_at": "2026-09-11T18:39:06.975199+00:00"}, "geometry": {"type": "Polygon", "coordinates": [[[77.5028341, 28.4540078], [77.5028816, 28.4539542], [77.5029917, 28.4540296], [77.5029442, 28.4540832], [77.5028341, 28.4540078]]]}}, {"type": "Feature", "properties": {"fid": 329, "name": null, "area_m2": 82.67, "est_height": 6.0, "building": "yes", "floor_count": 2, "source_layer": "Layer2-preprocessed", "preprocessed_at": "2026-09-11T18:39:06.975390+00:00"}, "geometry": {"type": "Polygon", "coordinates": [[[77.4980663, 28.4516198], [77.4981204, 28.4515598], [77.4981983, 28.4516142], [77.4981442, 28.4516741], [77.4980663, 28.4516198]]]}}, {"type": "Feature", "properties": {"fid": 330, "name": null, "area_m2": 140.833, "est_height": 6.0, "building": "yes", "floor_count": 2, "source_layer": "Layer2-preprocessed", "preprocessed_at": "2026-09-11T18:39:06.975597+00:00"}, "geometry": {"type": "Polygon", "coordinates": [[[77.4999524, 28.4511216], [77.5000581, 28.4510045], [77.500126, 28.4510519], [77.5000204, 28.451169], [77.4999524, 28.4511216]]]}}, {"type": "Feature", "properties": {"fid": 331, "name": null, "area_m2": 121.119, "est_height": 6.0, "building": "yes", "floor_count": 2, "source_layer": "Layer2-preprocessed", "preprocessed_at": "2026-09-11T18:39:06.975789+00:00"}, "geometry": {"type": "Polygon", "coordinates": [[[77.4976156, 28.4530935], [77.4976918, 28.4530091], [77.4977729, 28.4530656], [77.4976967, 28.45315], [77.4976156, 28.4530935]]]}}, {"type": "Feature", "properties": {"fid": 332, "name": null, "area_m2": 134.777, "est_height": 6.0, "building": "yes", "floor_count": 2, "source_layer": "Layer2-preprocessed", "preprocessed_at": "2026-09-11T18:39:06.975993+00:00"}, "geometry": {"type": "Polygon", "coordinates": [[[77.5031692, 28.4542505], [77.5032369, 28.4541742], [77.503338, 28.4542434], [77.5032704, 28.4543198], [77.5031692, 28.4542505]]]}}, {"type": "Feature", "properties": {"fid": 333, "name": null, "area_m2": 107.852, "est_height": 6.0, "building": "yes", "floor_count": 2, "source_layer": "Layer2-preprocessed", "preprocessed_at": "2026-09-11T18:39:06.976184+00:00"}, "geometry": {"type": "Polygon", "coordinates": [[[77.4997549, 28.4512046], [77.4998553, 28.4510932], [77.4999101, 28.4511314], [77.4998096, 28.4512427], [77.4997549, 28.4512046]]]}}, {"type": "Feature", "properties": {"fid": 334, "name": null, "area_m2": 79.618, "est_height": 6.0, "building": "yes", "floor_count": 2, "source_layer": "Layer2-preprocessed", "preprocessed_at": "2026-09-11T18:39:06.976388+00:00"}, "geometry": {"type": "Polygon", "coordinates": [[[77.5024756, 28.4550559], [77.5025264, 28.4549986], [77.502606, 28.4550531], [77.5025552, 28.4551104], [77.5024756, 28.4550559]]]}}, {"type": "Feature", "properties": {"fid": 335, "name": null, "area_m2": 189.67, "est_height": 6.0, "building": "yes", "floor_count": 2, "source_layer": "Layer2-preprocessed", "preprocessed_at": "2026-09-11T18:39:06.976620+00:00"}, "geometry": {"type": "Polygon", "coordinates": [[[77.4980144, 28.4533675], [77.4981537, 28.4532131], [77.4982231, 28.4532616], [77.4980838, 28.4534159], [77.4980144, 28.4533675]]]}}, {"type": "Feature", "properties": {"fid": 336, "name": null, "area_m2": 156.667, "est_height": 6.0, "building": "yes", "floor_count": 2, "source_layer": "Layer2-preprocessed", "preprocessed_at": "2026-09-11T18:39:06.976839+00:00"}, "geometry": {"type": "Polygon", "coordinates": [[[77.4992246, 28.4519356], [77.4993541, 28.4517921], [77.4994158, 28.4518351], [77.4992863, 28.4519786], [77.4992246, 28.4519356]]]}}, {"type": "Feature", "properties": {"fid": 337, "name": null, "area_m2": 194.009, "est_height": 6.0, "building": "yes", "floor_count": 2, "source_layer": "Layer2-preprocessed", "preprocessed_at": "2026-09-11T18:39:06.977030+00:00"}, "geometry": {"type": "Polygon", "coordinates": [[[77.4996249, 28.4532327], [77.4997427, 28.4530998], [77.4998263, 28.4531571], [77.4997085, 28.45329], [77.4996249, 28.4532327]]]}}, {"type": "Feature", "properties": {"fid": 338, "name": null, "area_m2": 129.533, "est_height": 6.0, "building": "yes", "floor_count": 2, "source_layer": "Layer2-preprocessed", "preprocessed_at": "2026-09-11T18:39:06.977246+00:00"}, "geometry": {"type": "Polygon", "coordinates": [[[77.5009183, 28.4546198], [77.5009961, 28.4545321], [77.5010806, 28.45459], [77.5010029, 28.4546778], [77.5009183, 28.4546198]]]}}, {"type": "Feature", "properties": {"fid": 339, "name": null, "area_m2": 71.726, "est_height": 6.0, "building": "yes", "floor_count": 2, "source_layer": "Layer2-preprocessed", "preprocessed_at": "2026-09-11T18:39:06.977607+00:00"}, "geometry": {"type": "Polygon", "coordinates": [[[77.4990086, 28.4516551], [77.4990707, 28.4515862], [77.4991296, 28.4516272], [77.4990674, 28.4516961], [77.4990086, 28.4516551]]]}}, {"type": "Feature", "properties": {"fid": 340, "name": null, "area_m2": 71.201, "est_height": 6.0, "building": "yes", "floor_count": 2, "source_layer": "Layer2-preprocessed", "preprocessed_at": "2026-09-11T18:39:06.978717+00:00"}, "geometry": {"type": "Polygon", "coordinates": [[[77.4994518, 28.4532775], [77.4995052, 28.4532172], [77.4995729, 28.4532635], [77.4995195, 28.4533238], [77.4994518, 28.4532775]]]}}, {"type": "Feature", "properties": {"fid": 341, "name": null, "area_m2": 231.991, "est_height": 12.0, "building": "yes", "floor_count": 4, "source_layer": "Layer2-preprocessed", "preprocessed_at": "2026-09-11T18:39:06.979263+00:00"}, "geometry": {"type": "Polygon", "coordinates": [[[77.498184, 28.4518559], [77.4983197, 28.4517056], [77.4984069, 28.4517664], [77.4982712, 28.4519167], [77.498184, 28.4518559]]]}}, {"type": "Feature", "properties": {"fid": 342, "name": null, "area_m2": 135.057, "est_height": 6.0, "building": "yes", "floor_count": 2, "source_layer": "Layer2-preprocessed", "preprocessed_at": "2026-09-11T18:39:06.979627+00:00"}, "geometry": {"type": "Polygon", "coordinates": [[[77.5022476, 28.4528276], [77.5023128, 28.4527541], [77.502418, 28.4528262], [77.5023529, 28.4528997], [77.5022476, 28.4528276]]]}}, {"type": "Feature", "properties": {"fid": 343, "name": null, "area_m2": 102.762, "est_height": 6.0, "building": "yes", "floor_count": 2, "source_layer": "Layer2-preprocessed", "preprocessed_at": "2026-09-11T18:39:06.979912+00:00"}, "geometry": {"type": "Polygon", "coordinates": [[[77.4985528, 28.4521265], [77.4985914, 28.4520836], [77.498727, 28.4521782], [77.4986884, 28.452221], [77.4985528, 28.4521265]]]}}, {"type": "Feature", "properties": {"fid": 344, "name": null, "area_m2": 68.766, "est_height": 6.0, "building": "yes", "floor_count": 2, "source_layer": "Layer2-preprocessed", "preprocessed_at": "2026-09-11T18:39:06.980128+00:00"}, "geometry": {"type": "Polygon", "coordinates": [[[77.5044173, 28.4519253], [77.5044759, 28.4518592], [77.5045355, 28.4519], [77.5044769, 28.4519661], [77.5044173, 28.4519253]]]}}, {"type": "Feature", "properties": {"fid": 345, "name": null, "area_m2": 210.372, "est_height": 12.0, "building": "yes", "floor_count": 4, "source_layer": "Layer2-preprocessed", "preprocessed_at": "2026-09-11T18:39:06.980372+00:00"}, "geometry": {"type": "Polygon", "coordinates": [[[77.4977598, 28.4534764], [77.4978884, 28.4533339], [77.4979718, 28.453392], [77.4978432, 28.4535346], [77.4977598, 28.4534764]]]}}, {"type": "Feature", "properties": {"fid": 346, "name": null, "area_m2": 219.047, "est_height": 12.0, "building": "yes", "floor_count": 4, "source_layer": "Layer2-preprocessed", "preprocessed_at": "2026-09-11T18:39:06.980609+00:00"}, "geometry": {"type": "Polygon", "coordinates": [[[77.5039327, 28.4534823], [77.503995, 28.453412], [77.5041735, 28.4535343], [77.5041113, 28.4536046], [77.5039327, 28.4534823]]]}}, {"type": "Feature", "properties": {"fid": 347, "name": null, "area_m2": 79.287, "est_height": 6.0, "building": "yes", "floor_count": 2, "source_layer": "Layer2-preprocessed", "preprocessed_at": "2026-09-11T18:39:06.980835+00:00"}, "geometry": {"type": "Polygon", "coordinates": [[[77.4994866, 28.4502532], [77.4995613, 28.4501705], [77.4996154, 28.4502082], [77.4995408, 28.450291], [77.4994866, 28.4502532]]]}}, {"type": "Feature", "properties": {"fid": 348, "name": null, "area_m2": 107.692, "est_height": 6.0, "building": "yes", "floor_count": 2, "source_layer": "Layer2-preprocessed", "preprocessed_at": "2026-09-11T18:39:06.981056+00:00"}, "geometry": {"type": "Polygon", "coordinates": [[[77.5008243, 28.4556035], [77.5009002, 28.4555257], [77.5009736, 28.4555811], [77.5008976, 28.4556589], [77.5008243, 28.4556035]]]}}, {"type": "Feature", "properties": {"fid": 349, "name": null, "area_m2": 128.714, "est_height": 6.0, "building": "yes", "floor_count": 2, "source_layer": "Layer2-preprocessed", "preprocessed_at": "2026-09-11T18:39:06.981304+00:00"}, "geometry": {"type": "Polygon", "coordinates": [[[77.5037143, 28.4537059], [77.5037653, 28.4536484], [77.5038935, 28.4537362], [77.5038425, 28.4537937], [77.5037143, 28.4537059]]]}}, {"type": "Feature", "properties": {"fid": 350, "name": null, "area_m2": 147.548, "est_height": 6.0, "building": "yes", "floor_count": 2, "source_layer": "Layer2-preprocessed", "preprocessed_at": "2026-09-11T18:39:06.981500+00:00"}, "geometry": {"type": "Polygon", "coordinates": [[[77.499709, 28.4503988], [77.499775, 28.4503257], [77.499889, 28.4504051], [77.499823, 28.4504783], [77.499709, 28.4503988]]]}}, {"type": "Feature", "properties": {"fid": 351, "name": null, "area_m2": 87.324, "est_height": 6.0, "building": "yes", "floor_count": 2, "source_layer": "Layer2-preprocessed", "preprocessed_at": "2026-09-11T18:39:06.981739+00:00"}, "geometry": {"type": "Polygon", "coordinates": [[[77.4991816, 28.4538712], [77.499239, 28.4538064], [77.4993162, 28.4538593], [77.4992588, 28.4539241], [77.4991816, 28.4538712]]]}}, {"type": "Feature", "properties": {"fid": 352, "name": null, "area_m2": 148.3, "est_height": 6.0, "building": "yes", "floor_count": 2, "source_layer": "Layer2-preprocessed", "preprocessed_at": "2026-09-11T18:39:06.982007+00:00"}, "geometry": {"type": "Polygon", "coordinates": [[[77.5011672, 28.4530853], [77.5012674, 28.4529722], [77.5013426, 28.4530236], [77.5012423, 28.4531367], [77.5011672, 28.4530853]]]}}, {"type": "Feature", "properties": {"fid": 353, "name": null, "area_m2": 80.255, "est_height": 6.0, "building": "yes", "floor_count": 2, "source_layer": "Layer2-preprocessed", "preprocessed_at": "2026-09-11T18:39:06.982207+00:00"}, "geometry": {"type": "Polygon", "coordinates": [[[77.5004721, 28.4506786], [77.500534, 28.45061], [77.5006001, 28.4506561], [77.5005382, 28.4507247], [77.5004721, 28.4506786]]]}}, {"type": "Feature", "properties": {"fid": 354, "name": null, "area_m2": 103.462, "est_height": 6.0, "building": "yes", "floor_count": 2, "source_layer": "Layer2-preprocessed", "preprocessed_at": "2026-09-11T18:39:06.982428+00:00"}, "geometry": {"type": "Polygon", "coordinates": [[[77.4992766, 28.4537738], [77.4993377, 28.4537049], [77.4994237, 28.4537638], [77.4993627, 28.4538327], [77.4992766, 28.4537738]]]}}, {"type": "Feature", "properties": {"fid": 355, "name": null, "area_m2": 96.735, "est_height": 6.0, "building": "yes", "floor_count": 2, "source_layer": "Layer2-preprocessed", "preprocessed_at": "2026-09-11T18:39:06.982661+00:00"}, "geometry": {"type": "Polygon", "coordinates": [[[77.5015371, 28.4530952], [77.5016104, 28.4530125], [77.5016774, 28.4530584], [77.5016041, 28.4531411], [77.5015371, 28.4530952]]]}}, {"type": "Feature", "properties": {"fid": 356, "name": null, "area_m2": 119.529, "est_height": 6.0, "building": "yes", "floor_count": 2, "source_layer": "Layer2-preprocessed", "preprocessed_at": "2026-09-11T18:39:06.982896+00:00"}, "geometry": {"type": "Polygon", "coordinates": [[[77.5008785, 28.4507708], [77.5009443, 28.4506978], [77.5010369, 28.4507623], [77.500971, 28.4508353], [77.5008785, 28.4507708]]]}}, {"type": "Feature", "properties": {"fid": 357, "name": null, "area_m2": 79.799, "est_height": 6.0, "building": "yes", "floor_count": 2, "source_layer": "Layer2-preprocessed", "preprocessed_at": "2026-09-11T18:39:06.983109+00:00"}, "geometry": {"type": "Polygon", "coordinates": [[[77.504063, 28.4520964], [77.5041146, 28.4520382], [77.5041931, 28.4520919], [77.5041415, 28.4521502], [77.504063, 28.4520964]]]}}, {"type": "Feature", "properties": {"fid": 358, "name": null, "area_m2": 111.074, "est_height": 6.0, "building": "yes", "floor_count": 2, "source_layer": "Layer2-preprocessed", "preprocessed_at": "2026-09-11T18:39:06.983305+00:00"}, "geometry": {"type": "Polygon", "coordinates": [[[77.5022828, 28.4543142], [77.5023499, 28.4542384], [77.5024339, 28.4542959], [77.5023668, 28.4543717], [77.5022828, 28.4543142]]]}}, {"type": "Feature", "properties": {"fid": 359, "name": null, "area_m2": 109.709, "est_height": 6.0, "building": "yes", "floor_count": 2, "source_layer": "Layer2-preprocessed", "preprocessed_at": "2026-09-11T18:39:06.983531+00:00"}, "geometry": {"type": "Polygon", "coordinates": [[[77.4994816, 28.4516421], [77.4995647, 28.4515501], [77.499632, 28.4515971], [77.499549, 28.4516891], [77.4994816, 28.4516421]]]}}, {"type": "Feature", "properties": {"fid": 360, "name": null, "area_m2": 87.33, "est_height": 6.0, "building": "yes", "floor_count": 2, "source_layer": "Layer2-preprocessed", "preprocessed_at": "2026-09-11T18:39:06.983747+00:00"}, "geometry": {"type": "Polygon", "coordinates": [[[77.5038101, 28.4523724], [77.5038696, 28.4523054], [77.5039442, 28.4523565], [77.5038848, 28.4524235], [77.5038101, 28.4523724]]]}}, {"type": "Feature", "properties": {"fid": 361, "name": null, "area_m2": 138.275, "est_height": 6.0, "building": "yes", "floor_count": 2, "source_layer": "Layer2-preprocessed", "preprocessed_at": "2026-09-11T18:39:06.983950+00:00"}, "geometry": {"type": "Polygon", "coordinates": [[[77.5020045, 28.4545974], [77.5021097, 28.4544785], [77.5021764, 28.4545242], [77.5020712, 28.454643], [77.5020045, 28.4545974]]]}}, {"type": "Feature", "properties": {"fid": 362, "name": null, "area_m2": 146.316, "est_height": 6.0, "building": "yes", "floor_count": 2, "source_layer": "Layer2-preprocessed", "preprocessed_at": "2026-09-11T18:39:06.984143+00:00"}, "geometry": {"type": "Polygon", "coordinates": [[[77.5003983, 28.4500042], [77.5005006, 28.4498908], [77.5005735, 28.4499416], [77.5004711, 28.4500551], [77.5003983, 28.4500042]]]}}, {"type": "Feature", "properties": {"fid": 363, "name": null, "area_m2": 81.126, "est_height": 6.0, "building": "yes", "floor_count": 2, "source_layer": "Layer2-preprocessed", "preprocessed_at": "2026-09-11T18:39:06.984462+00:00"}, "geometry": {"type": "Polygon", "coordinates": [[[77.503555, 28.4538701], [77.5036021, 28.4538171], [77.5036897, 28.4538771], [77.5036427, 28.4539301], [77.503555, 28.4538701]]]}}, {"type": "Feature", "properties": {"fid": 364, "name": null, "area_m2": 79.624, "est_height": 6.0, "building": "yes", "floor_count": 2, "source_layer": "Layer2-preprocessed", "preprocessed_at": "2026-09-11T18:39:06.984816+00:00"}, "geometry": {"type": "Polygon", "coordinates": [[[77.4992713, 28.4514677], [77.4993293, 28.4514034], [77.4993993, 28.4514523], [77.4993412, 28.4515165], [77.4992713, 28.4514677]]]}}, {"type": "Feature", "properties": {"fid": 365, "name": null, "area_m2": 73.004, "est_height": 6.0, "building": "yes", "floor_count": 2, "source_layer": "Layer2-preprocessed", "preprocessed_at": "2026-09-11T18:39:06.985200+00:00"}, "geometry": {"type": "Polygon", "coordinates": [[[77.5016881, 28.455767], [77.5017404, 28.4557079], [77.5018112, 28.4557564], [77.5017589, 28.4558155], [77.5016881, 28.455767]]]}}, {"type": "Feature", "properties": {"fid": 366, "name": null, "area_m2": 65.153, "est_height": 6.0, "building": "yes", "floor_count": 2, "source_layer": "Layer2-preprocessed", "preprocessed_at": "2026-09-11T18:39:06.985473+00:00"}, "geometry": {"type": "Polygon", "coordinates": [[[77.499705, 28.4505887], [77.4997727, 28.4505137], [77.4998218, 28.4505479], [77.4997541, 28.4506229], [77.499705, 28.4505887]]]}}, {"type": "Feature", "properties": {"fid": 367, "name": null, "area_m2": 196.014, "est_height": 6.0, "building": "yes", "floor_count": 2, "source_layer": "Layer2-preprocessed", "preprocessed_at": "2026-09-11T18:39:06.985685+00:00"}, "geometry": {"type": "Polygon", "coordinates": [[[77.4979633, 28.4513877], [77.498088, 28.4512495], [77.4981681, 28.4513054], [77.4980435, 28.4514436], [77.4979633, 28.4513877]]]}}, {"type": "Feature", "properties": {"fid": 368, "name": null, "area_m2": 94.606, "est_height": 6.0, "building": "yes", "floor_count": 2, "source_layer": "Layer2-preprocessed", "preprocessed_at": "2026-09-11T18:39:06.985889+00:00"}, "geometry": {"type": "Polygon", "coordinates": [[[77.5034849, 28.4535476], [77.5035416, 28.4534836], [77.5036263, 28.4535416], [77.5035696, 28.4536056], [77.5034849, 28.4535476]]]}}, {"type": "Feature", "properties": {"fid": 369, "name": null, "area_m2": 249.435, "est_height": 12.0, "building": "yes", "floor_count": 4, "source_layer": "Layer2-preprocessed", "preprocessed_at": "2026-09-11T18:39:06.986097+00:00"}, "geometry": {"type": "Polygon", "coordinates": [[[77.4998008, 28.4549291], [77.4999116, 28.4548041], [77.5000259, 28.4548824], [77.4999151, 28.4550074], [77.4998008, 28.4549291]]]}}, {"type": "Feature", "properties": {"fid": 370, "name": null, "area_m2": 81.757, "est_height": 6.0, "building": "yes", "floor_count": 2, "source_layer": "Layer2-preprocessed", "preprocessed_at": "2026-09-11T18:39:06.986350+00:00"}, "geometry": {"type": "Polygon", "coordinates": [[[77.4999314, 28.4505803], [77.5000086, 28.4504948], [77.5000626, 28.4505324], [77.4999854, 28.450618], [77.4999314, 28.4505803]]]}}, {"type": "Feature", "properties": {"fid": 371, "name": null, "area_m2": 101.985, "est_height": 6.0, "building": "yes", "floor_count": 2, "source_layer": "Layer2-preprocessed", "preprocessed_at": "2026-09-11T18:39:06.986645+00:00"}, "geometry": {"type": "Polygon", "coordinates": [[[77.5006853, 28.4546297], [77.5007597, 28.4545551], [77.5008309, 28.45461], [77.5007565, 28.4546845], [77.5006853, 28.4546297]]]}}, {"type": "Feature", "properties": {"fid": 372, "name": null, "area_m2": 128.599, "est_height": 6.0, "building": "yes", "floor_count": 2, "source_layer": "Layer2-preprocessed", "preprocessed_at": "2026-09-11T18:39:06.986839+00:00"}, "geometry": {"type": "Polygon", "coordinates": [[[77.50173, 28.4532583], [77.50181, 28.453168], [77.5018916, 28.4532239], [77.5018115, 28.4533142], [77.50173, 28.4532583]]]}}, {"type": "Feature", "properties": {"fid": 373, "name": null, "area_m2": 156.635, "est_height": 6.0, "building": "yes", "floor_count": 2, "source_layer": "Layer2-preprocessed", "preprocessed_at": "2026-09-11T18:39:06.987061+00:00"}, "geometry": {"type": "Polygon", "coordinates": [[[77.497689, 28.4511704], [77.4978029, 28.4510441], [77.497873, 28.451093], [77.497759, 28.4512193], [77.497689, 28.4511704]]]}}, {"type": "Feature", "properties": {"fid": 374, "name": null, "area_m2": 87.317, "est_height": 6.0, "building": "yes", "floor_count": 2, "source_layer": "Layer2-preprocessed", "preprocessed_at": "2026-09-11T18:39:06.987268+00:00"}, "geometry": {"type": "Polygon", "coordinates": [[[77.5006177, 28.4510507], [77.5006726, 28.4509899], [77.5007537, 28.4510465], [77.5006988, 28.4511073], [77.5006177, 28.4510507]]]}}, {"type": "Feature", "properties": {"fid": 375, "name": null, "area_m2": 99.084, "est_height": 6.0, "building": "yes", "floor_count": 2, "source_layer": "Layer2-preprocessed", "preprocessed_at": "2026-09-11T18:39:06.987462+00:00"}, "geometry": {"type": "Polygon", "coordinates": [[[77.5002492, 28.4504562], [77.5003293, 28.4503675], [77.5003924, 28.4504115], [77.5003123, 28.4505002], [77.5002492, 28.4504562]]]}}, {"type": "Feature", "properties": {"fid": 376, "name": null, "area_m2": 180.59, "est_height": 6.0, "building": "yes", "floor_count": 2, "source_layer": "Layer2-preprocessed", "preprocessed_at": "2026-09-11T18:39:06.987658+00:00"}, "geometry": {"type": "Polygon", "coordinates": [[[77.4986908, 28.4525297], [77.498744, 28.4524708], [77.4989172, 28.4525916], [77.4988641, 28.4526505], [77.4986908, 28.4525297]]]}}, {"type": "Feature", "properties": {"fid": 377, "name": null, "area_m2": 124.431, "est_height": 6.0, "building": "yes", "floor_count": 2, "source_layer": "Layer2-preprocessed", "preprocessed_at": "2026-09-11T18:39:06.987849+00:00"}, "geometry": {"type": "Polygon", "coordinates": [[[77.5020435, 28.4534911], [77.5021277, 28.4533961], [77.5022027, 28.4534475], [77.5021186, 28.4535425], [77.5020435, 28.4534911]]]}}, {"type": "Feature", "properties": {"fid": 378, "name": null, "area_m2": 115.293, "est_height": 6.0, "building": "yes", "floor_count": 2, "source_layer": "Layer2-preprocessed", "preprocessed_at": "2026-09-11T18:39:06.988043+00:00"}, "geometry": {"type": "Polygon", "coordinates": [[[77.4996847, 28.4509361], [77.4997791, 28.4508315], [77.4998414, 28.4508749], [77.499747, 28.4509795], [77.4996847, 28.4509361]]]}}, {"type": "Feature", "properties": {"fid": 379, "name": null, "area_m2": 142.982, "est_height": 6.0, "building": "yes", "floor_count": 2, "source_layer": "Layer2-preprocessed", "preprocessed_at": "2026-09-11T18:39:06.988274+00:00"}, "geometry": {"type": "Polygon", "coordinates": [[[77.5022444, 28.4547514], [77.5023382, 28.4546456], [77.5024156, 28.4546986], [77.5023219, 28.4548044], [77.5022444, 28.4547514]]]}}, {"type": "Feature", "properties": {"fid": 380, "name": null, "area_m2": 174.994, "est_height": 6.0, "building": "yes", "floor_count": 2, "source_layer": "Layer2-preprocessed", "preprocessed_at": "2026-09-11T18:39:06.988478+00:00"}, "geometry": {"type": "Polygon", "coordinates": [[[77.4984013, 28.4528434], [77.4984556, 28.4527831], [77.4986197, 28.4528975], [77.4985653, 28.4529578], [77.4984013, 28.4528434]]]}}, {"type": "Feature", "properties": {"fid": 381, "name": null, "area_m2": 65.387, "est_height": 6.0, "building": "yes", "floor_count": 2, "source_layer": "Layer2-preprocessed", "preprocessed_at": "2026-09-11T18:39:06.988672+00:00"}, "geometry": {"type": "Polygon", "coordinates": [[[77.4991224, 28.4514161], [77.499208, 28.4513213], [77.4992469, 28.4513485], [77.4991614, 28.4514433], [77.4991224, 28.4514161]]]}}, {"type": "Feature", "properties": {"fid": 382, "name": null, "area_m2": 63.114, "est_height": 6.0, "building": "yes", "floor_count": 2, "source_layer": "Layer2-preprocessed", "preprocessed_at": "2026-09-11T18:39:06.988865+00:00"}, "geometry": {"type": "Polygon", "coordinates": [[[77.5007449, 28.4505971], [77.5008191, 28.4505148], [77.5008625, 28.450545], [77.5007882, 28.4506273], [77.5007449, 28.4505971]]]}}, {"type": "Feature", "properties": {"fid": 383, "name": null, "area_m2": 153.859, "est_height": 6.0, "building": "yes", "floor_count": 2, "source_layer": "Layer2-preprocessed", "preprocessed_at": "2026-09-11T18:39:06.989152+00:00"}, "geometry": {"type": "Polygon", "coordinates": [[[77.50257, 28.4545608], [77.5026604, 28.4544587], [77.5027468, 28.4545179], [77.5026564, 28.4546199], [77.50257, 28.4545608]]]}}, {"type": "Feature", "properties": {"fid": 384, "name": null, "area_m2": 53.755, "est_height": 6.0, "building": "yes", "floor_count": 2, "source_layer": "Layer2-preprocessed", "preprocessed_at": "2026-09-11T18:39:06.989587+00:00"}, "geometry": {"type": "Polygon", "coordinates": [[[77.4996148, 28.452077], [77.499665, 28.4520213], [77.4997196, 28.4520594], [77.4996694, 28.452115], [77.4996148, 28.452077]]]}}, {"type": "Feature", "properties": {"fid": 385, "name": null, "area_m2": 109.609, "est_height": 6.0, "building": "yes", "floor_count": 2, "source_layer": "Layer2-preprocessed", "preprocessed_at": "2026-09-11T18:39:06.989916+00:00"}, "geometry": {"type": "Polygon", "coordinates": [[[77.4977474, 28.4514313], [77.4978192, 28.4513517], [77.497897, 28.451406], [77.4978251, 28.4514856], [77.4977474, 28.4514313]]]}}, {"type": "Feature", "properties": {"fid": 386, "name": null, "area_m2": 148.336, "est_height": 6.0, "building": "yes", "floor_count": 2, "source_layer": "Layer2-preprocessed", "preprocessed_at": "2026-09-11T18:39:06.990189+00:00"}, "geometry": {"type": "Polygon", "coordinates": [[[77.4995232, 28.4514691], [77.4996323, 28.4513483], [77.4997016, 28.4513967], [77.4995926, 28.4515175], [77.4995232, 28.4514691]]]}}, {"type": "Feature", "properties": {"fid": 387, "name": null, "area_m2": 50.667, "est_height": 6.0, "building": "yes", "floor_count": 2, "source_layer": "Layer2-preprocessed", "preprocessed_at": "2026-09-11T18:39:06.990409+00:00"}, "geometry": {"type": "Polygon", "coordinates": [[[77.4977912, 28.451579], [77.4978321, 28.4515336], [77.4978952, 28.4515776], [77.4978542, 28.451623], [77.4977912, 28.451579]]]}}, {"type": "Feature", "properties": {"fid": 388, "name": null, "area_m2": 121.652, "est_height": 6.0, "building": "yes", "floor_count": 2, "source_layer": "Layer2-preprocessed", "preprocessed_at": "2026-09-11T18:39:06.990623+00:00"}, "geometry": {"type": "Polygon", "coordinates": [[[77.497613, 28.4532863], [77.4976945, 28.4531959], [77.4977706, 28.453249], [77.4976891, 28.4533393], [77.497613, 28.4532863]]]}}, {"type": "Feature", "properties": {"fid": 389, "name": null, "area_m2": 259.217, "est_height": 12.0, "building": "yes", "floor_count": 4, "source_layer": "Layer2-preprocessed", "preprocessed_at": "2026-09-11T18:39:06.990846+00:00"}, "geometry": {"type": "Polygon", "coordinates": [[[77.4981401, 28.4515305], [77.4982962, 28.4513575], [77.4983809, 28.4514165], [77.4982248, 28.4515895], [77.4981401, 28.4515305]]]}}, {"type": "Feature", "properties": {"fid": 390, "name": null, "area_m2": 78.109, "est_height": 6.0, "building": "yes", "floor_count": 2, "source_layer": "Layer2-preprocessed", "preprocessed_at": "2026-09-11T18:39:06.991072+00:00"}, "geometry": {"type": "Polygon", "coordinates": [[[77.4990084, 28.450025], [77.4990524, 28.4499763], [77.4991429, 28.4500394], [77.4990989, 28.4500882], [77.4990084, 28.450025]]]}}, {"type": "Feature", "properties": {"fid": 391, "name": null, "area_m2": 91.843, "est_height": 6.0, "building": "yes", "floor_count": 2, "source_layer": "Layer2-preprocessed", "preprocessed_at": "2026-09-11T18:39:06.991284+00:00"}, "geometry": {"type": "Polygon", "coordinates": [[[77.4978945, 28.4531631], [77.4979606, 28.4530898], [77.4980314, 28.4531392], [77.4979653, 28.4532125], [77.4978945, 28.4531631]]]}}, {"type": "Feature", "properties": {"fid": 392, "name": null, "area_m2": 98.121, "est_height": 6.0, "building": "yes", "floor_count": 2, "source_layer": "Layer2-preprocessed", "preprocessed_at": "2026-09-11T18:39:06.991637+00:00"}, "geometry": {"type": "Polygon", "coordinates": [[[77.4998727, 28.4533033], [77.499929, 28.4532398], [77.5000175, 28.4533003], [77.4999611, 28.4533639], [77.4998727, 28.4533033]]]}}, {"type": "Feature", "properties": {"fid": 393, "name": null, "area_m2": 54.967, "est_height": 6.0, "building": "yes", "floor_count": 2, "source_layer": "Layer2-preprocessed", "preprocessed_at": "2026-09-11T18:39:06.992003+00:00"}, "geometry": {"type": "Polygon", "coordinates": [[[77.4984357, 28.4529714], [77.4984838, 28.4529181], [77.4985421, 28.4529587], [77.498494, 28.453012], [77.4984357, 28.4529714]]]}}, {"type": "Feature", "properties": {"fid": 394, "name": null, "area_m2": 124.891, "est_height": 6.0, "building": "yes", "floor_count": 2, "source_layer": "Layer2-preprocessed", "preprocessed_at": "2026-09-11T18:39:06.992348+00:00"}, "geometry": {"type": "Polygon", "coordinates": [[[77.5003648, 28.4531701], [77.5004348, 28.4530911], [77.5005254, 28.4531531], [77.5004554, 28.4532321], [77.5003648, 28.4531701]]]}}, {"type": "Feature", "properties": {"fid": 395, "name": null, "area_m2": 84.369, "est_height": 6.0, "building": "yes", "floor_count": 2, "source_layer": "Layer2-preprocessed", "preprocessed_at": "2026-09-11T18:39:06.992745+00:00"}, "geometry": {"type": "Polygon", "coordinates": [[[77.5026156, 28.45263], [77.5026675, 28.4525714], [77.50275, 28.4526279], [77.5026981, 28.4526865], [77.5026156, 28.45263]]]}}, {"type": "Feature", "properties": {"fid": 396, "name": null, "area_m2": 74.081, "est_height": 6.0, "building": "yes", "floor_count": 2, "source_layer": "Layer2-preprocessed", "preprocessed_at": "2026-09-11T18:39:06.993316+00:00"}, "geometry": {"type": "Polygon", "coordinates": [[[77.5000774, 28.4529085], [77.5001141, 28.4528671], [77.5002166, 28.4529373], [77.5001799, 28.4529787], [77.5000774, 28.4529085]]]}}, {"type": "Feature", "properties": {"fid": 397, "name": null, "area_m2": 71.721, "est_height": 6.0, "building": "yes", "floor_count": 2, "source_layer": "Layer2-preprocessed", "preprocessed_at": "2026-09-11T18:39:06.993710+00:00"}, "geometry": {"type": "Polygon", "coordinates": [[[77.5037027, 28.4514548], [77.5037519, 28.4513992], [77.5038259, 28.4514499], [77.5037766, 28.4515054], [77.5037027, 28.4514548]]]}}, {"type": "Feature", "properties": {"fid": 398, "name": null, "area_m2": 64.966, "est_height": 6.0, "building": "yes", "floor_count": 2, "source_layer": "Layer2-preprocessed", "preprocessed_at": "2026-09-11T18:39:06.994050+00:00"}, "geometry": {"type": "Polygon", "coordinates": [[[77.5041855, 28.4532003], [77.5042281, 28.4531522], [77.5043055, 28.4532052], [77.5042629, 28.4532533], [77.5041855, 28.4532003]]]}}, {"type": "Feature", "properties": {"fid": 399, "name": null, "area_m2": 81.205, "est_height": 6.0, "building": "yes", "floor_count": 2, "source_layer": "Layer2-preprocessed", "preprocessed_at": "2026-09-11T18:39:06.994314+00:00"}, "geometry": {"type": "Polygon", "coordinates": [[[77.5034587, 28.4517199], [77.5035126, 28.4516591], [77.5035891, 28.4517115], [77.5035352, 28.4517723], [77.5034587, 28.4517199]]]}}, {"type": "Feature", "properties": {"fid": 400, "name": null, "area_m2": 195.96, "est_height": 6.0, "building": "yes", "floor_count": 2, "source_layer": "Layer2-preprocessed", "preprocessed_at": "2026-09-11T18:39:06.994594+00:00"}, "geometry": {"type": "Polygon", "coordinates": [[[77.5049884, 28.4524184], [77.5050601, 28.4523374], [77.5051988, 28.4524323], [77.505127, 28.4525133], [77.5049884, 28.4524184]]]}}, {"type": "Feature", "properties": {"fid": 401, "name": null, "area_m2": 41.891, "est_height": 6.0, "building": "yes", "floor_count": 2, "source_layer": "Layer2-preprocessed", "preprocessed_at": "2026-09-11T18:39:06.994816+00:00"}, "geometry": {"type": "Polygon", "coordinates": [[[77.4999701, 28.4501677], [77.500003, 28.4501313], [77.500068, 28.4501766], [77.5000351, 28.450213], [77.4999701, 28.4501677]]]}}, {"type": "Feature", "properties": {"fid": 402, "name": null, "area_m2": 68.665, "est_height": 6.0, "building": "yes", "floor_count": 2, "source_layer": "Layer2-preprocessed", "preprocessed_at": "2026-09-11T18:39:06.995192+00:00"}, "geometry": {"type": "Polygon", "coordinates": [[[77.5009849, 28.4528921], [77.5010312, 28.4528399], [77.5011065, 28.4528914], [77.5010602, 28.4529437], [77.5009849, 28.4528921]]]}}, {"type": "Feature", "properties": {"fid": 403, "name": null, "area_m2": 69.51, "est_height": 6.0, "building": "yes", "floor_count": 2, "source_layer": "Layer2-preprocessed", "preprocessed_at": "2026-09-11T18:39:06.995466+00:00"}, "geometry": {"type": "Polygon", "coordinates": [[[77.5047936, 28.4525345], [77.5048415, 28.4524805], [77.5049152, 28.452531], [77.5048674, 28.452585], [77.5047936, 28.4525345]]]}}, {"type": "Feature", "properties": {"fid": 404, "name": null, "area_m2": 171.564, "est_height": 6.0, "building": "yes", "floor_count": 2, "source_layer": "Layer2-preprocessed", "preprocessed_at": "2026-09-11T18:39:06.995739+00:00"}, "geometry": {"type": "Polygon", "coordinates": [[[77.5001193, 28.4538036], [77.5002117, 28.4536993], [77.5003059, 28.4537638], [77.5002135, 28.4538682], [77.5001193, 28.4538036]]]}}, {"type": "Feature", "properties": {"fid": 405, "name": null, "area_m2": 28.084, "est_height": 6.0, "building": "yes", "floor_count": 2, "source_layer": "Layer2-preprocessed", "preprocessed_at": "2026-09-11T18:39:06.995948+00:00"}, "geometry": {"type": "Polygon", "coordinates": [[[77.499869, 28.4499917], [77.4998907, 28.4499676], [77.4999566, 28.4500135], [77.4999348, 28.4500376], [77.499869, 28.4499917]]]}}, {"type": "Feature", "properties": {"fid": 406, "name": null, "area_m2": 129.994, "est_height": 6.0, "building": "yes", "floor_count": 2, "source_layer": "Layer2-preprocessed", "preprocessed_at": "2026-09-11T18:39:06.996154+00:00"}, "geometry": {"type": "Polygon", "coordinates": [[[77.5029945, 28.4537921], [77.5030623, 28.4537155], [77.5031596, 28.4537822], [77.5030918, 28.4538587], [77.5029945, 28.4537921]]]}}, {"type": "Feature", "properties": {"fid": 407, "name": null, "area_m2": 62.264, "est_height": 6.0, "building": "yes", "floor_count": 2, "source_layer": "Layer2-preprocessed", "preprocessed_at": "2026-09-11T18:39:06.996710+00:00"}, "geometry": {"type": "Polygon", "coordinates": [[[77.4992543, 28.4499906], [77.4992918, 28.449949], [77.4993764, 28.450008], [77.4993389, 28.4500496], [77.4992543, 28.4499906]]]}}, {"type": "Feature", "properties": {"fid": 408, "name": null, "area_m2": 52.025, "est_height": 6.0, "building": "yes", "floor_count": 2, "source_layer": "Layer2-preprocessed", "preprocessed_at": "2026-09-11T18:39:06.997126+00:00"}, "geometry": {"type": "Polygon", "coordinates": [[[77.5013031, 28.4501559], [77.5013825, 28.4500679], [77.5014159, 28.4500912], [77.5013365, 28.4501792], [77.5013031, 28.4501559]]]}}, {"type": "Feature", "properties": {"fid": 409, "name": null, "area_m2": 223.153, "est_height": 12.0, "building": "yes", "floor_count": 4, "source_layer": "Layer2-preprocessed", "preprocessed_at": "2026-09-11T18:39:06.997473+00:00"}, "geometry": {"type": "Polygon", "coordinates": [[[77.5000175, 28.453547], [77.5001398, 28.453409], [77.5002324, 28.4534724], [77.5001101, 28.4536105], [77.5000175, 28.453547]]]}}, {"type": "Feature", "properties": {"fid": 410, "name": null, "area_m2": 131.97, "est_height": 6.0, "building": "yes", "floor_count": 2, "source_layer": "Layer2-preprocessed", "preprocessed_at": "2026-09-11T18:39:06.997814+00:00"}, "geometry": {"type": "Polygon", "coordinates": [[[77.5021436, 28.4542305], [77.5022139, 28.4541512], [77.5023092, 28.4542164], [77.5022389, 28.4542958], [77.5021436, 28.4542305]]]}}, {"type": "Feature", "properties": {"fid": 411, "name": null, "area_m2": 290.51, "est_height": 12.0, "building": "yes", "floor_count": 4, "source_layer": "Layer2-preprocessed", "preprocessed_at": "2026-09-11T18:39:06.998097+00:00"}, "geometry": {"type": "Polygon", "coordinates": [[[77.5024616, 28.4534828], [77.5025536, 28.453379], [77.5027139, 28.4534887], [77.5026219, 28.4535926], [77.5024616, 28.4534828]]]}}, {"type": "Feature", "properties": {"fid": 412, "name": null, "area_m2": 61.185, "est_height": 6.0, "building": "yes", "floor_count": 2, "source_layer": "Layer2-preprocessed", "preprocessed_at": "2026-09-11T18:39:06.998483+00:00"}, "geometry": {"type": "Polygon", "coordinates": [[[77.5010561, 28.4502546], [77.5011229, 28.4501805], [77.5011696, 28.4502131], [77.5011028, 28.4502871], [77.5010561, 28.4502546]]]}}, {"type": "Feature", "properties": {"fid": 413, "name": null, "area_m2": 237.947, "est_height": 12.0, "building": "yes", "floor_count": 4, "source_layer": "Layer2-preprocessed", "preprocessed_at": "2026-09-11T18:39:06.998860+00:00"}, "geometry": {"type": "Polygon", "coordinates": [[[77.5031931, 28.4518121], [77.5032548, 28.4517425], [77.5034507, 28.4518768], [77.5033891, 28.4519463], [77.5031931, 28.4518121]]]}}, {"type": "Feature", "properties": {"fid": 414, "name": null, "area_m2": 448.201, "est_height": 12.0, "building": "yes", "floor_count": 4, "source_layer": "Layer2-preprocessed", "preprocessed_at": "2026-09-11T18:39:06.999196+00:00"}, "geometry": {"type": "Polygon", "coordinates": [[[77.5014718, 28.4539642], [77.5016802, 28.4537291], [77.5017894, 28.4538039], [77.501581, 28.454039], [77.5014718, 28.4539642]]]}}, {"type": "Feature", "properties": {"fid": 415, "name": null, "area_m2": 107.274, "est_height": 6.0, "building": "yes", "floor_count": 2, "source_layer": "Layer2-preprocessed", "preprocessed_at": "2026-09-11T18:39:06.999422+00:00"}, "geometry": {"type": "Polygon", "coordinates": [[[77.50031, 28.4515879], [77.5003863, 28.4515034], [77.500458, 28.4515534], [77.5003818, 28.4516379], [77.50031, 28.4515879]]]}}, {"type": "Feature", "properties": {"fid": 416, "name": null, "area_m2": 399.486, "est_height": 12.0, "building": "yes", "floor_count": 4, "source_layer": "Layer2-preprocessed", "preprocessed_at": "2026-09-11T18:39:06.999649+00:00"}, "geometry": {"type": "Polygon", "coordinates": [[[77.5004275, 28.4555052], [77.5005887, 28.4553062], [77.5007605, 28.4554138], [77.5007029, 28.4554849], [77.5006264, 28.455437], [77.5005228, 28.4555648], [77.5004275, 28.4555052]]]}}, {"type": "Feature", "properties": {"fid": 417, "name": null, "area_m2": 92.082, "est_height": 6.0, "building": "yes", "floor_count": 2, "source_layer": "Layer2-preprocessed", "preprocessed_at": "2026-09-11T18:39:06.999886+00:00"}, "geometry": {"type": "Polygon", "coordinates": [[[77.5007482, 28.4544054], [77.5007822, 28.454367], [77.5008637, 28.4544229], [77.5007781, 28.4545195], [77.5007412, 28.4544943], [77.5007929, 28.454436], [77.5007482, 28.4544054]]]}}, {"type": "Feature", "properties": {"fid": 418, "name": null, "area_m2": 76.686, "est_height": 6.0, "building": "yes", "floor_count": 2, "source_layer": "Layer2-preprocessed", "preprocessed_at": "2026-09-11T18:39:07.000118+00:00"}, "geometry": {"type": "Polygon", "coordinates": [[[77.5014717, 28.4560864], [77.5015397, 28.4560168], [77.5016036, 28.456065], [77.5015507, 28.4561192], [77.5015257, 28.4561004], [77.5015106, 28.4561158], [77.5014717, 28.4560864]]]}}, {"type": "Feature", "properties": {"fid": 419, "name": null, "area_m2": 12477.946, "est_height": 9.0, "building": "yes", "floor_count": 3, "source_layer": "Layer2-preprocessed", "preprocessed_at": "2026-09-11T18:39:07.000346+00:00"}, "geometry": {"type": "Polygon", "coordinates": [[[77.4985255, 28.464664], [77.4978013, 28.4641464], [77.4986845, 28.4631913], [77.4994087, 28.4637089], [77.4985255, 28.464664]]]}}, {"type": "Feature", "properties": {"fid": 420, "name": null, "area_m2": 24865.318, "est_height": 9.0, "building": "yes", "floor_count": 3, "source_layer": "Layer2-preprocessed", "preprocessed_at": "2026-09-11T18:39:07.000552+00:00"}, "geometry": {"type": "Polygon", "coordinates": [[[77.4966969, 28.4633895], [77.4980155, 28.4620045], [77.4989875, 28.4627198], [77.4976689, 28.4641047], [77.4966969, 28.4633895]]]}}, {"type": "Feature", "properties": {"fid": 421, "name": null, "area_m2": 827.494, "est_height": 18.0, "building": "yes", "floor_count": 6, "source_layer": "Layer2-preprocessed", "preprocessed_at": "2026-09-11T18:39:07.000818+00:00"}, "geometry": {"type": "Polygon", "coordinates": [[[77.5027746, 28.4522359], [77.5030553, 28.4519248], [77.5032408, 28.4520542], [77.5031765, 28.4521254], [77.5030609, 28.4520448], [77.5030154, 28.4520953], [77.5029968, 28.4520823], [77.5029624, 28.4521204], [77.5030965, 28.452214], [77.50296, 28.4523653], [77.5027746, 28.4522359]]]}}, {"type": "Feature", "properties": {"fid": 422, "name": null, "area_m2": 1759.619, "est_height": 18.0, "building": "yes", "floor_count": 6, "source_layer": "Layer2-preprocessed", "preprocessed_at": "2026-09-11T18:39:07.001050+00:00"}, "geometry": {"type": "Polygon", "coordinates": [[[77.4939369, 28.4595581], [77.49416, 28.459317], [77.4947293, 28.4597242], [77.4945903, 28.4598743], [77.4945417, 28.4598395], [77.4945305, 28.4598515], [77.4944455, 28.4597907], [77.494466, 28.4597685], [77.4941828, 28.459566], [77.4940893, 28.4596671], [77.4939369, 28.4595581]]]}}, {"type": "Feature", "properties": {"fid": 423, "name": null, "area_m2": 1131.203, "est_height": 18.0, "building": "yes", "floor_count": 6, "source_layer": "Layer2-preprocessed", "preprocessed_at": "2026-09-11T18:39:07.001372+00:00"}, "geometry": {"type": "Polygon", "coordinates": [[[77.4955658, 28.4619358], [77.4954535, 28.4620601], [77.4952307, 28.4618906], [77.4952632, 28.461865], [77.4951676, 28.4617891], [77.4951249, 28.4617677], [77.4951436, 28.4617392], [77.495113, 28.4617198], [77.4951277, 28.4617017], [77.4950734, 28.4616619], [77.4950901, 28.4616432], [77.495024, 28.4616035], [77.4950843, 28.4615343], [77.4955682, 28.461875], [77.4955336, 28.4619124], [77.4955658, 28.4619358]]]}}, {"type": "Feature", "properties": {"fid": 424, "name": null, "area_m2": 522.117, "est_height": 12.0, "building": "yes", "floor_count": 4, "source_layer": "Layer2-preprocessed", "preprocessed_at": "2026-09-11T18:39:07.001602+00:00"}, "geometry": {"type": "Polygon", "coordinates": [[[77.4932706, 28.4592493], [77.4933796, 28.4591263], [77.4935305, 28.4592297], [77.4934768, 28.4592903], [77.4935566, 28.4593449], [77.4934678, 28.4594452], [77.4933212, 28.4593448], [77.4933328, 28.4593317], [77.4932995, 28.4593089], [77.4933215, 28.4592841], [77.4932706, 28.4592493]]]}}, {"type": "Feature", "properties": {"fid": 425, "name": null, "area_m2": 371.766, "est_height": 12.0, "building": "yes", "floor_count": 4, "source_layer": "Layer2-preprocessed", "preprocessed_at": "2026-09-11T18:39:07.001857+00:00"}, "geometry": {"type": "Polygon", "coordinates": [[[77.4935337, 28.4594639], [77.4936262, 28.4593301], [77.4936873, 28.4593628], [77.4936757, 28.4593796], [77.4937579, 28.4594235], [77.4937399, 28.4594496], [77.4938382, 28.4595021], [77.4937969, 28.4595618], [77.4937414, 28.4595322], [77.4937199, 28.4595633], [77.4935337, 28.4594639]]]}}, {"type": "Feature", "properties": {"fid": 426, "name": null, "area_m2": 1562.558, "est_height": 18.0, "building": "yes", "floor_count": 6, "source_layer": "Layer2-preprocessed", "preprocessed_at": "2026-09-11T18:39:07.002138+00:00"}, "geometry": {"type": "Polygon", "coordinates": [[[77.4940394, 28.4592277], [77.494128, 28.4592865], [77.4939214, 28.4595271], [77.4937749, 28.4594299], [77.4939154, 28.4592662], [77.4938474, 28.459221], [77.4937897, 28.4592801], [77.4935192, 28.4590793], [77.4934853, 28.4591187], [77.4934285, 28.459081], [77.4934482, 28.4590581], [77.493403, 28.459028], [77.4935215, 28.4588905], [77.494035, 28.4592328], [77.4940394, 28.4592277]]]}}, {"type": "Feature", "properties": {"fid": 427, "name": null, "area_m2": 3139.383, "est_height": 9.0, "building": "university", "floor_count": 3, "source_layer": "Layer2-preprocessed", "preprocessed_at": "2026-09-11T18:39:07.002395+00:00"}, "geometry": {"type": "Polygon", "coordinates": [[[77.4960463, 28.4598356], [77.4965277, 28.4593122], [77.496732, 28.4594574], [77.4966787, 28.4595153], [77.4967435, 28.4595614], [77.4967586, 28.459545], [77.4968468, 28.4596077], [77.4964036, 28.4600896], [77.4962733, 28.459997], [77.4963215, 28.4599446], [77.4962292, 28.459879], [77.496181, 28.4599314], [77.4960463, 28.4598356]]]}}, {"type": "Feature", "properties": {"fid": 428, "name": null, "area_m2": 207.394, "est_height": 12.0, "building": "yes", "floor_count": 4, "source_layer": "Layer2-preprocessed", "preprocessed_at": "2026-09-11T18:39:07.002598+00:00"}, "geometry": {"type": "Polygon", "coordinates": [[[77.4938431, 28.4598601], [77.4937628, 28.4597951], [77.4938976, 28.4596664], [77.4939779, 28.4597313], [77.4938431, 28.4598601]]]}}, {"type": "Feature", "properties": {"fid": 429, "name": null, "area_m2": 459.205, "est_height": 12.0, "building": "yes", "floor_count": 4, "source_layer": "Layer2-preprocessed", "preprocessed_at": "2026-09-11T18:39:07.002798+00:00"}, "geometry": {"type": "Polygon", "coordinates": [[[77.4954585, 28.4649259], [77.4953668, 28.4648395], [77.4956282, 28.4646249], [77.49572, 28.4647113], [77.4954585, 28.4649259]]]}}, {"type": "Feature", "properties": {"fid": 430, "name": null, "area_m2": 367.33, "est_height": 12.0, "building": "yes", "floor_count": 4, "source_layer": "Layer2-preprocessed", "preprocessed_at": "2026-09-11T18:39:07.003001+00:00"}, "geometry": {"type": "Polygon", "coordinates": [[[77.4935431, 28.4632256], [77.4937049, 28.4630487], [77.493821, 28.4631307], [77.4936592, 28.4633077], [77.4935431, 28.4632256]]]}}, {"type": "Feature", "properties": {"fid": 431, "name": null, "area_m2": 859.744, "est_height": 18.0, "building": "yes", "floor_count": 6, "source_layer": "Layer2-preprocessed", "preprocessed_at": "2026-09-11T18:39:07.003246+00:00"}, "geometry": {"type": "Polygon", "coordinates": [[[77.4939213, 28.4600092], [77.4940147, 28.4599117], [77.4942266, 28.4600687], [77.4943626, 28.4599268], [77.4944697, 28.4600061], [77.4942403, 28.4602455], [77.4939213, 28.4600092]]]}}, {"type": "Feature", "properties": {"fid": 432, "name": null, "area_m2": 223.758, "est_height": 12.0, "building": "yes", "floor_count": 4, "source_layer": "Layer2-preprocessed", "preprocessed_at": "2026-09-11T18:39:07.003466+00:00"}, "geometry": {"type": "Polygon", "coordinates": [[[77.4943035, 28.4617271], [77.4943769, 28.4616463], [77.4944453, 28.4616943], [77.4944639, 28.4616738], [77.4945049, 28.4617026], [77.4944827, 28.4617271], [77.4945204, 28.4617535], [77.4944506, 28.4618304], [77.4943035, 28.4617271]]]}}, {"type": "Feature", "properties": {"fid": 433, "name": null, "area_m2": 795.591, "est_height": 12.0, "building": "yes", "floor_count": 4, "source_layer": "Layer2-preprocessed", "preprocessed_at": "2026-09-11T18:39:07.003712+00:00"}, "geometry": {"type": "Polygon", "coordinates": [[[77.4938082, 28.4613503], [77.4938753, 28.4612778], [77.4938533, 28.4612621], [77.4939409, 28.4611674], [77.4940592, 28.4612521], [77.4940086, 28.4613067], [77.4942387, 28.4614714], [77.4941346, 28.4615839], [77.4938082, 28.4613503]]]}}, {"type": "Feature", "properties": {"fid": 434, "name": null, "area_m2": 674.743, "est_height": 12.0, "building": "yes", "floor_count": 4, "source_layer": "Layer2-preprocessed", "preprocessed_at": "2026-09-11T18:39:07.003926+00:00"}, "geometry": {"type": "Polygon", "coordinates": [[[77.501893, 28.4522056], [77.5021107, 28.4519523], [77.5022668, 28.452056], [77.5020491, 28.4523093], [77.501893, 28.4522056]]]}}, {"type": "Feature", "properties": {"fid": 435, "name": null, "area_m2": 257.524, "est_height": 12.0, "building": "yes", "floor_count": 4, "source_layer": "Layer2-preprocessed", "preprocessed_at": "2026-09-11T18:39:07.004152+00:00"}, "geometry": {"type": "Polygon", "coordinates": [[[77.5051947, 28.4631105], [77.5049966, 28.4629008], [77.5050635, 28.4628519], [77.5052616, 28.4630617], [77.5051947, 28.4631105]]]}}, {"type": "Feature", "properties": {"fid": 436, "name": null, "area_m2": 103.124, "est_height": 6.0, "building": "yes", "floor_count": 2, "source_layer": "Layer2-preprocessed", "preprocessed_at": "2026-09-11T18:39:07.004355+00:00"}, "geometry": {"type": "Polygon", "coordinates": [[[77.5039311, 28.4632146], [77.5040203, 28.463167], [77.504074, 28.4632448], [77.5039849, 28.4632924], [77.5039311, 28.4632146]]]}}, {"type": "Feature", "properties": {"fid": 437, "name": null, "area_m2": 211.904, "est_height": 12.0, "building": "yes", "floor_count": 4, "source_layer": "Layer2-preprocessed", "preprocessed_at": "2026-09-11T18:39:07.004783+00:00"}, "geometry": {"type": "Polygon", "coordinates": [[[77.5032382, 28.4635659], [77.5030896, 28.4632954], [77.5031481, 28.4632706], [77.5032967, 28.4635411], [77.5032382, 28.4635659]]]}}, {"type": "Feature", "properties": {"fid": 438, "name": null, "area_m2": 246.962, "est_height": 12.0, "building": "yes", "floor_count": 4, "source_layer": "Layer2-preprocessed", "preprocessed_at": "2026-09-11T18:39:07.005261+00:00"}, "geometry": {"type": "Polygon", "coordinates": [[[77.5033815, 28.4634941], [77.5032286, 28.4632329], [77.5032975, 28.4632018], [77.5034503, 28.463463], [77.5033815, 28.4634941]]]}}, {"type": "Feature", "properties": {"fid": 439, "name": null, "area_m2": 208.498, "est_height": 12.0, "building": "yes", "floor_count": 4, "source_layer": "Layer2-preprocessed", "preprocessed_at": "2026-09-11T18:39:07.005793+00:00"}, "geometry": {"type": "Polygon", "coordinates": [[[77.5031766, 28.4636005], [77.5030206, 28.4633271], [77.5030767, 28.4633024], [77.5032327, 28.4635757], [77.5031766, 28.4636005]]]}}, {"type": "Feature", "properties": {"fid": 440, "name": null, "area_m2": 219.497, "est_height": 12.0, "building": "yes", "floor_count": 4, "source_layer": "Layer2-preprocessed", "preprocessed_at": "2026-09-11T18:39:07.006213+00:00"}, "geometry": {"type": "Polygon", "coordinates": [[[77.5046502, 28.463782], [77.5048019, 28.4636961], [77.5048708, 28.4637903], [77.5047191, 28.4638762], [77.5046502, 28.463782]]]}}, {"type": "Feature", "properties": {"fid": 441, "name": null, "area_m2": 147.168, "est_height": 6.0, "building": "yes", "floor_count": 2, "source_layer": "Layer2-preprocessed", "preprocessed_at": "2026-09-11T18:39:07.006482+00:00"}, "geometry": {"type": "Polygon", "coordinates": [[[77.5010483, 28.4638435], [77.5011175, 28.4637707], [77.5012271, 28.4638512], [77.5011579, 28.463924], [77.5010483, 28.4638435]]]}}, {"type": "Feature", "properties": {"fid": 442, "name": null, "area_m2": 289.404, "est_height": 12.0, "building": "yes", "floor_count": 4, "source_layer": "Layer2-preprocessed", "preprocessed_at": "2026-09-11T18:39:07.006868+00:00"}, "geometry": {"type": "Polygon", "coordinates": [[[77.5049906, 28.4627939], [77.5052473, 28.4625986], [77.5053057, 28.462658], [77.5050491, 28.4628532], [77.5049906, 28.4627939]]]}}, {"type": "Feature", "properties": {"fid": 443, "name": null, "area_m2": 196.271, "est_height": 6.0, "building": "yes", "floor_count": 2, "source_layer": "Layer2-preprocessed", "preprocessed_at": "2026-09-11T18:39:07.007217+00:00"}, "geometry": {"type": "Polygon", "coordinates": [[[77.5034748, 28.4634624], [77.5033348, 28.4631965], [77.5033907, 28.4631737], [77.5035308, 28.4634396], [77.5034748, 28.4634624]]]}}, {"type": "Feature", "properties": {"fid": 444, "name": null, "area_m2": 254.772, "est_height": 12.0, "building": "yes", "floor_count": 4, "source_layer": "Layer2-preprocessed", "preprocessed_at": "2026-09-11T18:39:07.007793+00:00"}, "geometry": {"type": "Polygon", "coordinates": [[[77.5037478, 28.4637762], [77.5036534, 28.4635952], [77.5037604, 28.463552], [77.5038549, 28.463733], [77.5037478, 28.4637762]]]}}, {"type": "Feature", "properties": {"fid": 445, "name": null, "area_m2": 208.279, "est_height": 12.0, "building": "yes", "floor_count": 4, "source_layer": "Layer2-preprocessed", "preprocessed_at": "2026-09-11T18:39:07.008089+00:00"}, "geometry": {"type": "Polygon", "coordinates": [[[77.5033114, 28.4635333], [77.5031575, 28.463273], [77.5032155, 28.4632465], [77.5033694, 28.4635068], [77.5033114, 28.4635333]]]}}, {"type": "Feature", "properties": {"fid": 446, "name": null, "area_m2": 327.28, "est_height": 12.0, "building": "yes", "floor_count": 4, "source_layer": "Layer2-preprocessed", "preprocessed_at": "2026-09-11T18:39:07.008343+00:00"}, "geometry": {"type": "Polygon", "coordinates": [[[77.5050566, 28.4634545], [77.5049283, 28.4633097], [77.5050578, 28.463221], [77.5051861, 28.4633659], [77.5050566, 28.4634545]]]}}, {"type": "Feature", "properties": {"fid": 447, "name": null, "area_m2": 176.924, "est_height": 6.0, "building": "yes", "floor_count": 2, "source_layer": "Layer2-preprocessed", "preprocessed_at": "2026-09-11T18:39:07.008598+00:00"}, "geometry": {"type": "Polygon", "coordinates": [[[77.5033178, 28.463607], [77.5032873, 28.4635538], [77.5035313, 28.4634456], [77.5035619, 28.4634988], [77.5033178, 28.463607]]]}}, {"type": "Feature", "properties": {"fid": 448, "name": null, "area_m2": 152.183, "est_height": 6.0, "building": "yes", "floor_count": 2, "source_layer": "Layer2-preprocessed", "preprocessed_at": "2026-09-11T18:39:07.008831+00:00"}, "geometry": {"type": "Polygon", "coordinates": [[[77.5038866, 28.4631782], [77.5038102, 28.4630504], [77.5038961, 28.4630107], [77.5039725, 28.4631385], [77.5038866, 28.4631782]]]}}, {"type": "Feature", "properties": {"fid": 449, "name": null, "area_m2": 133.842, "est_height": 6.0, "building": "yes", "floor_count": 2, "source_layer": "Layer2-preprocessed", "preprocessed_at": "2026-09-11T18:39:07.009055+00:00"}, "geometry": {"type": "Polygon", "coordinates": [[[77.5037609, 28.4501239], [77.5038538, 28.4500267], [77.5039281, 28.4500817], [77.5038351, 28.4501788], [77.5037609, 28.4501239]]]}}, {"type": "Feature", "properties": {"fid": 450, "name": null, "area_m2": 190.171, "est_height": 6.0, "building": "yes", "floor_count": 2, "source_layer": "Layer2-preprocessed", "preprocessed_at": "2026-09-11T18:39:07.009295+00:00"}, "geometry": {"type": "Polygon", "coordinates": [[[77.5041981, 28.4505805], [77.5043028, 28.4504711], [77.5043965, 28.4505404], [77.5042918, 28.4506498], [77.5041981, 28.4505805]]]}}, {"type": "Feature", "properties": {"fid": 451, "name": null, "area_m2": 92.516, "est_height": 6.0, "building": "yes", "floor_count": 2, "source_layer": "Layer2-preprocessed", "preprocessed_at": "2026-09-11T18:39:07.009505+00:00"}, "geometry": {"type": "Polygon", "coordinates": [[[77.5041895, 28.450888], [77.5042317, 28.4508439], [77.5043447, 28.4509274], [77.5043024, 28.4509716], [77.5041895, 28.450888]]]}}, {"type": "Feature", "properties": {"fid": 452, "name": null, "area_m2": 197.242, "est_height": 6.0, "building": "yes", "floor_count": 2, "source_layer": "Layer2-preprocessed", "preprocessed_at": "2026-09-11T18:39:07.009704+00:00"}, "geometry": {"type": "Polygon", "coordinates": [[[77.5049096, 28.4501066], [77.5050375, 28.4499992], [77.5051182, 28.4500734], [77.5049903, 28.4501808], [77.5049096, 28.4501066]]]}}, {"type": "Feature", "properties": {"fid": 453, "name": null, "area_m2": 427.149, "est_height": 12.0, "building": "yes", "floor_count": 4, "source_layer": "Layer2-preprocessed", "preprocessed_at": "2026-09-11T18:39:07.009998+00:00"}, "geometry": {"type": "Polygon", "coordinates": [[[77.5047511, 28.4513395], [77.5048773, 28.4512076], [77.5050519, 28.4513367], [77.5049257, 28.4514686], [77.5047511, 28.4513395]]]}}, {"type": "Feature", "properties": {"fid": 454, "name": null, "area_m2": 359.895, "est_height": 12.0, "building": "yes", "floor_count": 4, "source_layer": "Layer2-preprocessed", "preprocessed_at": "2026-09-11T18:39:07.010215+00:00"}, "geometry": {"type": "Polygon", "coordinates": [[[77.5048969, 28.4508306], [77.5050129, 28.4507093], [77.5051729, 28.4508276], [77.5050569, 28.4509489], [77.5048969, 28.4508306]]]}}, {"type": "Feature", "properties": {"fid": 455, "name": null, "area_m2": 115.553, "est_height": 6.0, "building": "yes", "floor_count": 2, "source_layer": "Layer2-preprocessed", "preprocessed_at": "2026-09-11T18:39:07.010411+00:00"}, "geometry": {"type": "Polygon", "coordinates": [[[77.5038841, 28.4502083], [77.5039692, 28.4501192], [77.5040392, 28.450171], [77.5039541, 28.45026], [77.5038841, 28.4502083]]]}}, {"type": "Feature", "properties": {"fid": 456, "name": null, "area_m2": 445.108, "est_height": 12.0, "building": "yes", "floor_count": 4, "source_layer": "Layer2-preprocessed", "preprocessed_at": "2026-09-11T18:39:07.010664+00:00"}, "geometry": {"type": "Polygon", "coordinates": [[[77.504305, 28.4503811], [77.5044451, 28.4502347], [77.504609, 28.4503558], [77.5044688, 28.4505023], [77.504305, 28.4503811]]]}}, {"type": "Feature", "properties": {"fid": 457, "name": null, "area_m2": 407.394, "est_height": 12.0, "building": "yes", "floor_count": 4, "source_layer": "Layer2-preprocessed", "preprocessed_at": "2026-09-11T18:39:07.010895+00:00"}, "geometry": {"type": "Polygon", "coordinates": [[[77.5043285, 28.4506979], [77.5044501, 28.4505708], [77.5046229, 28.4506986], [77.5045013, 28.4508257], [77.5043285, 28.4506979]]]}}, {"type": "Feature", "properties": {"fid": 458, "name": null, "area_m2": 274.582, "est_height": 12.0, "building": "yes", "floor_count": 4, "source_layer": "Layer2-preprocessed", "preprocessed_at": "2026-09-11T18:39:07.011124+00:00"}, "geometry": {"type": "Polygon", "coordinates": [[[77.503737, 28.4503465], [77.5038354, 28.4502436], [77.5039793, 28.45035], [77.5038809, 28.4504529], [77.503737, 28.4503465]]]}}, {"type": "Feature", "properties": {"fid": 459, "name": null, "area_m2": 220.719, "est_height": 12.0, "building": "yes", "floor_count": 4, "source_layer": "Layer2-preprocessed", "preprocessed_at": "2026-09-11T18:39:07.011317+00:00"}, "geometry": {"type": "Polygon", "coordinates": [[[77.5038153, 28.4499508], [77.5039014, 28.4498608], [77.5040336, 28.4499586], [77.5039475, 28.4500486], [77.5038153, 28.4499508]]]}}, {"type": "Feature", "properties": {"fid": 460, "name": null, "area_m2": 153.208, "est_height": 6.0, "building": "yes", "floor_count": 2, "source_layer": "Layer2-preprocessed", "preprocessed_at": "2026-09-11T18:39:07.011568+00:00"}, "geometry": {"type": "Polygon", "coordinates": [[[77.5046694, 28.4512327], [77.5047851, 28.4511118], [77.5048534, 28.4511623], [77.5047378, 28.4512832], [77.5046694, 28.4512327]]]}}, {"type": "Feature", "properties": {"fid": 461, "name": null, "area_m2": 257.502, "est_height": 12.0, "building": "yes", "floor_count": 4, "source_layer": "Layer2-preprocessed", "preprocessed_at": "2026-09-11T18:39:07.011806+00:00"}, "geometry": {"type": "Polygon", "coordinates": [[[77.5036199, 28.4504646], [77.5037142, 28.4503661], [77.5038551, 28.4504703], [77.5037608, 28.4505688], [77.5036199, 28.4504646]]]}}, {"type": "Feature", "properties": {"fid": 462, "name": null, "area_m2": 144.717, "est_height": 6.0, "building": "yes", "floor_count": 2, "source_layer": "Layer2-preprocessed", "preprocessed_at": "2026-09-11T18:39:07.012012+00:00"}, "geometry": {"type": "Polygon", "coordinates": [[[77.504, 28.4500795], [77.5040874, 28.4499882], [77.5041728, 28.4500514], [77.5040855, 28.4501427], [77.504, 28.4500795]]]}}, {"type": "Feature", "properties": {"fid": 463, "name": null, "area_m2": 141.202, "est_height": 6.0, "building": "yes", "floor_count": 2, "source_layer": "Layer2-preprocessed", "preprocessed_at": "2026-09-11T18:39:07.012397+00:00"}, "geometry": {"type": "Polygon", "coordinates": [[[77.5046234, 28.4501911], [77.5047297, 28.4500937], [77.5047992, 28.4501523], [77.5046929, 28.4502497], [77.5046234, 28.4501911]]]}}, {"type": "Feature", "properties": {"fid": 464, "name": null, "area_m2": 226.775, "est_height": 12.0, "building": "yes", "floor_count": 4, "source_layer": "Layer2-preprocessed", "preprocessed_at": "2026-09-11T18:39:07.012815+00:00"}, "geometry": {"type": "Polygon", "coordinates": [[[77.5047547, 28.4510171], [77.5048474, 28.4509202], [77.5049736, 28.4510136], [77.504881, 28.4511104], [77.5047547, 28.4510171]]]}}, {"type": "Feature", "properties": {"fid": 465, "name": null, "area_m2": 383.619, "est_height": 12.0, "building": "yes", "floor_count": 4, "source_layer": "Layer2-preprocessed", "preprocessed_at": "2026-09-11T18:39:07.013428+00:00"}, "geometry": {"type": "Polygon", "coordinates": [[[77.5039607, 28.4507122], [77.504077, 28.4505906], [77.5042471, 28.4507164], [77.5041308, 28.450838], [77.5039607, 28.4507122]]]}}, {"type": "Feature", "properties": {"fid": 466, "name": null, "area_m2": 285.25, "est_height": 12.0, "building": "yes", "floor_count": 4, "source_layer": "Layer2-preprocessed", "preprocessed_at": "2026-09-11T18:39:07.013787+00:00"}, "geometry": {"type": "Polygon", "coordinates": [[[77.503428, 28.4503296], [77.5035235, 28.4502297], [77.5036775, 28.4503437], [77.503582, 28.4504435], [77.503428, 28.4503296]]]}}, {"type": "Feature", "properties": {"fid": 467, "name": null, "area_m2": 355.306, "est_height": 12.0, "building": "yes", "floor_count": 4, "source_layer": "Layer2-preprocessed", "preprocessed_at": "2026-09-11T18:39:07.014321+00:00"}, "geometry": {"type": "Polygon", "coordinates": [[[77.5047297, 28.4499723], [77.504861, 28.44985], [77.5050024, 28.4499674], [77.5048712, 28.4500897], [77.5047297, 28.4499723]]]}}, {"type": "Feature", "properties": {"fid": 468, "name": null, "area_m2": 149.982, "est_height": 6.0, "building": "yes", "floor_count": 2, "source_layer": "Layer2-preprocessed", "preprocessed_at": "2026-09-11T18:39:07.014574+00:00"}, "geometry": {"type": "Polygon", "coordinates": [[[77.504732, 28.4502956], [77.5047981, 28.4502358], [77.5049169, 28.4503372], [77.5048508, 28.450397], [77.504732, 28.4502956]]]}}, {"type": "Feature", "properties": {"fid": 469, "name": null, "area_m2": 467.214, "est_height": 12.0, "building": "yes", "floor_count": 4, "source_layer": "Layer2-preprocessed", "preprocessed_at": "2026-09-11T18:39:07.014806+00:00"}, "geometry": {"type": "Polygon", "coordinates": [[[77.502956, 28.4499794], [77.5030907, 28.4498386], [77.5032696, 28.4499709], [77.5031349, 28.4501117], [77.502956, 28.4499794]]]}}, {"type": "Feature", "properties": {"fid": 470, "name": null, "area_m2": 300.061, "est_height": 12.0, "building": "yes", "floor_count": 4, "source_layer": "Layer2-preprocessed", "preprocessed_at": "2026-09-11T18:39:07.015056+00:00"}, "geometry": {"type": "Polygon", "coordinates": [[[77.504513, 28.4505408], [77.5046362, 28.450412], [77.5047618, 28.4505049], [77.5046386, 28.4506337], [77.504513, 28.4505408]]]}}, {"type": "Feature", "properties": {"fid": 471, "name": null, "area_m2": 155.33, "est_height": 6.0, "building": "yes", "floor_count": 2, "source_layer": "Layer2-preprocessed", "preprocessed_at": "2026-09-11T18:39:07.015264+00:00"}, "geometry": {"type": "Polygon", "coordinates": [[[77.5035834, 28.4502101], [77.5036691, 28.4501205], [77.5037626, 28.4501897], [77.5036769, 28.4502792], [77.5035834, 28.4502101]]]}}, {"type": "Feature", "properties": {"fid": 472, "name": null, "area_m2": 475.25, "est_height": 12.0, "building": "yes", "floor_count": 4, "source_layer": "Layer2-preprocessed", "preprocessed_at": "2026-09-11T18:39:07.015465+00:00"}, "geometry": {"type": "Polygon", "coordinates": [[[77.5028242, 28.464602], [77.5029776, 28.4644726], [77.5031397, 28.4646211], [77.5029863, 28.4647505], [77.5028242, 28.464602]]]}}, {"type": "Feature", "properties": {"fid": 473, "name": null, "area_m2": 104.619, "est_height": 6.0, "building": "yes", "floor_count": 2, "source_layer": "Layer2-preprocessed", "preprocessed_at": "2026-09-11T18:39:07.015677+00:00"}, "geometry": {"type": "Polygon", "coordinates": [[[77.502687, 28.4643449], [77.5027811, 28.4642771], [77.5028382, 28.4643384], [77.5027441, 28.4644061], [77.502687, 28.4643449]]]}}, {"type": "Feature", "properties": {"fid": 474, "name": null, "area_m2": 469.868, "est_height": 12.0, "building": "yes", "floor_count": 4, "source_layer": "Layer2-preprocessed", "preprocessed_at": "2026-09-11T18:39:07.015959+00:00"}, "geometry": {"type": "Polygon", "coordinates": [[[77.5025219, 28.4650355], [77.5026369, 28.4649444], [77.5028499, 28.4651576], [77.5027127, 28.4652364], [77.5025219, 28.4650355]]]}}, {"type": "Feature", "properties": {"fid": 475, "name": null, "area_m2": 482.333, "est_height": 12.0, "building": "yes", "floor_count": 4, "source_layer": "Layer2-preprocessed", "preprocessed_at": "2026-09-11T18:39:07.016181+00:00"}, "geometry": {"type": "Polygon", "coordinates": [[[77.5015015, 28.4628999], [77.5017056, 28.4627963], [77.5018128, 28.4629594], [77.5016088, 28.4630631], [77.5015015, 28.4628999]]]}}, {"type": "Feature", "properties": {"fid": 476, "name": null, "area_m2": 659.469, "est_height": 12.0, "building": "yes", "floor_count": 4, "source_layer": "Layer2-preprocessed", "preprocessed_at": "2026-09-11T18:39:07.016378+00:00"}, "geometry": {"type": "Polygon", "coordinates": [[[77.5035906, 28.4651333], [77.5034586, 28.4649725], [77.5037069, 28.464815], [77.5038389, 28.4649758], [77.5035906, 28.4651333]]]}}, {"type": "Feature", "properties": {"fid": 477, "name": null, "area_m2": 511.768, "est_height": 12.0, "building": "yes", "floor_count": 4, "source_layer": "Layer2-preprocessed", "preprocessed_at": "2026-09-11T18:39:07.016574+00:00"}, "geometry": {"type": "Polygon", "coordinates": [[[77.5032743, 28.4643688], [77.5034336, 28.4642469], [77.5035723, 28.4644337], [77.5033995, 28.4645557], [77.5032743, 28.4643688]]]}}, {"type": "Feature", "properties": {"fid": 478, "name": null, "area_m2": 627.278, "est_height": 12.0, "building": "yes", "floor_count": 4, "source_layer": "Layer2-preprocessed", "preprocessed_at": "2026-09-11T18:39:07.016793+00:00"}, "geometry": {"type": "Polygon", "coordinates": [[[77.5022203, 28.4627245], [77.5022197, 28.4625564], [77.5023926, 28.462575], [77.5025348, 28.4624277], [77.5026374, 28.4625281], [77.5024629, 28.4626787], [77.5022203, 28.4627245]]]}}, {"type": "Feature", "properties": {"fid": 479, "name": null, "area_m2": 831.986, "est_height": 18.0, "building": "yes", "floor_count": 6, "source_layer": "Layer2-preprocessed", "preprocessed_at": "2026-09-11T18:39:07.017013+00:00"}, "geometry": {"type": "Polygon", "coordinates": [[[77.502345, 28.4630435], [77.5023403, 28.4629137], [77.5025922, 28.462878], [77.5028165, 28.4627462], [77.5029028, 28.4628162], [77.5026307, 28.4630295], [77.502345, 28.4630435]]]}}, {"type": "Feature", "properties": {"fid": 480, "name": null, "area_m2": 373.065, "est_height": 12.0, "building": "yes", "floor_count": 4, "source_layer": "Layer2-preprocessed", "preprocessed_at": "2026-09-11T18:39:07.017239+00:00"}, "geometry": {"type": "Polygon", "coordinates": [[[77.5045266, 28.4648434], [77.5047501, 28.4650903], [77.5046795, 28.4651655], [77.5044454, 28.4648977], [77.5045266, 28.4648434]]]}}, {"type": "Feature", "properties": {"fid": 481, "name": null, "area_m2": 747.985, "est_height": 12.0, "building": "yes", "floor_count": 4, "source_layer": "Layer2-preprocessed", "preprocessed_at": "2026-09-11T18:39:07.017452+00:00"}, "geometry": {"type": "Polygon", "coordinates": [[[77.5017589, 28.4649524], [77.5019253, 28.4647769], [77.5021568, 28.4649466], [77.5019904, 28.4651221], [77.5017589, 28.4649524]]]}}, {"type": "Feature", "properties": {"fid": 482, "name": null, "area_m2": 20.638, "est_height": 6.0, "building": "yes", "floor_count": 2, "source_layer": "Layer2-preprocessed", "preprocessed_at": "2026-09-11T18:39:07.017645+00:00"}, "geometry": {"type": "Polygon", "coordinates": [[[77.5025491, 28.4645806], [77.5025714, 28.4645661], [77.5026177, 28.4646212], [77.5025954, 28.4646357], [77.5025491, 28.4645806]]]}}, {"type": "Feature", "properties": {"fid": 483, "name": null, "area_m2": 143.485, "est_height": 6.0, "building": "yes", "floor_count": 2, "source_layer": "Layer2-preprocessed", "preprocessed_at": "2026-09-11T18:39:07.017839+00:00"}, "geometry": {"type": "Polygon", "coordinates": [[[77.5048911, 28.4635449], [77.504832, 28.4634592], [77.5049447, 28.4633991], [77.5050038, 28.4634848], [77.5048911, 28.4635449]]]}}, {"type": "Feature", "properties": {"fid": 484, "name": null, "area_m2": 72.59, "est_height": 6.0, "building": "yes", "floor_count": 2, "source_layer": "Layer2-preprocessed", "preprocessed_at": "2026-09-11T18:39:07.018043+00:00"}, "geometry": {"type": "Polygon", "coordinates": [[[77.5038984, 28.4645314], [77.5039689, 28.4644577], [77.504022, 28.4644969], [77.5039515, 28.4645707], [77.5038984, 28.4645314]]]}}, {"type": "Feature", "properties": {"fid": 485, "name": null, "area_m2": 159.877, "est_height": 6.0, "building": "yes", "floor_count": 2, "source_layer": "Layer2-preprocessed", "preprocessed_at": "2026-09-11T18:39:07.018237+00:00"}, "geometry": {"type": "Polygon", "coordinates": [[[77.5045093, 28.4636249], [77.5045908, 28.46358], [77.5046833, 28.4637097], [77.5046019, 28.4637546], [77.5045093, 28.4636249]]]}}, {"type": "Feature", "properties": {"fid": 486, "name": null, "area_m2": 154.218, "est_height": 6.0, "building": "yes", "floor_count": 2, "source_layer": "Layer2-preprocessed", "preprocessed_at": "2026-09-11T18:39:07.018441+00:00"}, "geometry": {"type": "Polygon", "coordinates": [[[77.502287, 28.4648493], [77.5022418, 28.4647995], [77.5024157, 28.4646773], [77.502461, 28.4647272], [77.502287, 28.4648493]]]}}, {"type": "Feature", "properties": {"fid": 487, "name": null, "area_m2": 126.847, "est_height": 6.0, "building": "yes", "floor_count": 2, "source_layer": "Layer2-preprocessed", "preprocessed_at": "2026-09-11T18:39:07.018635+00:00"}, "geometry": {"type": "Polygon", "coordinates": [[[77.5038464, 28.4647107], [77.5037808, 28.4646665], [77.5038785, 28.4645543], [77.5039441, 28.4645985], [77.5038464, 28.4647107]]]}}, {"type": "Feature", "properties": {"fid": 488, "name": null, "area_m2": 167.441, "est_height": 6.0, "building": "yes", "floor_count": 2, "source_layer": "Layer2-preprocessed", "preprocessed_at": "2026-09-11T18:39:07.018835+00:00"}, "geometry": {"type": "Polygon", "coordinates": [[[77.5038775, 28.4642847], [77.5039298, 28.4642331], [77.5040964, 28.4643637], [77.5040441, 28.4644152], [77.5038775, 28.4642847]]]}}, {"type": "Feature", "properties": {"fid": 489, "name": null, "area_m2": 11.396, "est_height": 6.0, "building": "yes", "floor_count": 2, "source_layer": "Layer2-preprocessed", "preprocessed_at": "2026-09-11T18:39:07.019031+00:00"}, "geometry": {"type": "Polygon", "coordinates": [[[77.502801, 28.4647037], [77.5028202, 28.4646862], [77.5028513, 28.4647125], [77.5028321, 28.46473], [77.502801, 28.4647037]]]}}, {"type": "Feature", "properties": {"fid": 490, "name": null, "area_m2": 9.501, "est_height": 6.0, "building": "yes", "floor_count": 2, "source_layer": "Layer2-preprocessed", "preprocessed_at": "2026-09-11T18:39:07.019435+00:00"}, "geometry": {"type": "Polygon", "coordinates": [[[77.5040916, 28.4644237], [77.5040721, 28.4644083], [77.5040975, 28.4643835], [77.504117, 28.4643989], [77.5040916, 28.4644237]]]}}, {"type": "Feature", "properties": {"fid": 491, "name": null, "area_m2": 48.504, "est_height": 6.0, "building": "yes", "floor_count": 2, "source_layer": "Layer2-preprocessed", "preprocessed_at": "2026-09-11T18:39:07.019724+00:00"}, "geometry": {"type": "Polygon", "coordinates": [[[77.5041187, 28.464164], [77.5041414, 28.4641383], [77.5042498, 28.4642123], [77.5042271, 28.464238], [77.5041187, 28.464164]]]}}, {"type": "Feature", "properties": {"fid": 492, "name": null, "area_m2": 9.552, "est_height": 6.0, "building": "yes", "floor_count": 2, "source_layer": "Layer2-preprocessed", "preprocessed_at": "2026-09-11T18:39:07.020040+00:00"}, "geometry": {"type": "Polygon", "coordinates": [[[77.5027061, 28.4646268], [77.5027293, 28.4646049], [77.5027508, 28.4646226], [77.5027277, 28.4646444], [77.5027061, 28.4646268]]]}}, {"type": "Feature", "properties": {"fid": 493, "name": null, "area_m2": 144.196, "est_height": 6.0, "building": "yes", "floor_count": 2, "source_layer": "Layer2-preprocessed", "preprocessed_at": "2026-09-11T18:39:07.020362+00:00"}, "geometry": {"type": "Polygon", "coordinates": [[[77.5046866, 28.4632036], [77.5046084, 28.4631025], [77.5046981, 28.4630488], [77.5047764, 28.4631499], [77.5046866, 28.4632036]]]}}, {"type": "Feature", "properties": {"fid": 494, "name": null, "area_m2": 90.915, "est_height": 6.0, "building": "yes", "floor_count": 2, "source_layer": "Layer2-preprocessed", "preprocessed_at": "2026-09-11T18:39:07.020629+00:00"}, "geometry": {"type": "Polygon", "coordinates": [[[77.5046403, 28.4635673], [77.5047809, 28.4634845], [77.5048122, 28.4635256], [77.5046716, 28.4636084], [77.5046403, 28.4635673]]]}}, {"type": "Feature", "properties": {"fid": 495, "name": null, "area_m2": 92.038, "est_height": 6.0, "building": "yes", "floor_count": 2, "source_layer": "Layer2-preprocessed", "preprocessed_at": "2026-09-11T18:39:07.020899+00:00"}, "geometry": {"type": "Polygon", "coordinates": [[[77.5032912, 28.4649515], [77.5032313, 28.4648911], [77.5033109, 28.46483], [77.5033709, 28.4648904], [77.5032912, 28.4649515]]]}}, {"type": "Feature", "properties": {"fid": 496, "name": null, "area_m2": 52.942, "est_height": 6.0, "building": "yes", "floor_count": 2, "source_layer": "Layer2-preprocessed", "preprocessed_at": "2026-09-11T18:39:07.021181+00:00"}, "geometry": {"type": "Polygon", "coordinates": [[[77.5038656, 28.4647251], [77.5038984, 28.4646937], [77.5039826, 28.4647617], [77.5039498, 28.4647931], [77.5038656, 28.4647251]]]}}, {"type": "Feature", "properties": {"fid": 497, "name": null, "area_m2": 56.461, "est_height": 6.0, "building": "yes", "floor_count": 2, "source_layer": "Layer2-preprocessed", "preprocessed_at": "2026-09-11T18:39:07.021460+00:00"}, "geometry": {"type": "Polygon", "coordinates": [[[77.5038961, 28.4649788], [77.503932, 28.4649552], [77.5040111, 28.465048], [77.5039752, 28.4650716], [77.5038961, 28.4649788]]]}}, {"type": "Feature", "properties": {"fid": 498, "name": null, "area_m2": 30.633, "est_height": 6.0, "building": "yes", "floor_count": 2, "source_layer": "Layer2-preprocessed", "preprocessed_at": "2026-09-11T18:39:07.021725+00:00"}, "geometry": {"type": "Polygon", "coordinates": [[[77.5040114, 28.4647087], [77.5040678, 28.46467], [77.5040954, 28.464701], [77.5040389, 28.4647398], [77.5040114, 28.4647087]]]}}, {"type": "Feature", "properties": {"fid": 499, "name": null, "area_m2": 295.055, "est_height": 12.0, "building": "yes", "floor_count": 4, "source_layer": "Layer2-preprocessed", "preprocessed_at": "2026-09-11T18:39:07.021992+00:00"}, "geometry": {"type": "Polygon", "coordinates": [[[77.5022228, 28.4649882], [77.5022656, 28.4649519], [77.502626, 28.4652806], [77.5025831, 28.4653169], [77.5022228, 28.4649882]]]}}, {"type": "Feature", "properties": {"fid": 500, "name": null, "area_m2": 76.007, "est_height": 6.0, "building": "yes", "floor_count": 2, "source_layer": "Layer2-preprocessed", "preprocessed_at": "2026-09-11T18:39:07.022257+00:00"}, "geometry": {"type": "Polygon", "coordinates": [[[77.5032139, 28.4649982], [77.5031503, 28.464928], [77.5032113, 28.4648853], [77.5032749, 28.4649555], [77.5032139, 28.4649982]]]}}, {"type": "Feature", "properties": {"fid": 501, "name": null, "area_m2": 44.104, "est_height": 6.0, "building": "yes", "floor_count": 2, "source_layer": "Layer2-preprocessed", "preprocessed_at": "2026-09-11T18:39:07.022575+00:00"}, "geometry": {"type": "Polygon", "coordinates": [[[77.5040757, 28.464587], [77.5041308, 28.4645491], [77.5041715, 28.4645948], [77.5041164, 28.4646327], [77.5040757, 28.464587]]]}}, {"type": "Feature", "properties": {"fid": 502, "name": null, "area_m2": 68.475, "est_height": 6.0, "building": "yes", "floor_count": 2, "source_layer": "Layer2-preprocessed", "preprocessed_at": "2026-09-11T18:39:07.022862+00:00"}, "geometry": {"type": "Polygon", "coordinates": [[[77.5030297, 28.4651004], [77.502987, 28.4650507], [77.5030678, 28.4649971], [77.5031105, 28.4650468], [77.5030297, 28.4651004]]]}}, {"type": "Feature", "properties": {"fid": 503, "name": null, "area_m2": 61.034, "est_height": 6.0, "building": "yes", "floor_count": 2, "source_layer": "Layer2-preprocessed", "preprocessed_at": "2026-09-11T18:39:07.023099+00:00"}, "geometry": {"type": "Polygon", "coordinates": [[[77.5027101, 28.4647792], [77.502766, 28.4647315], [77.5028231, 28.4647833], [77.5027672, 28.464831], [77.5027101, 28.4647792]]]}}, {"type": "Feature", "properties": {"fid": 504, "name": null, "area_m2": 315.2, "est_height": 12.0, "building": "yes", "floor_count": 4, "source_layer": "Layer2-preprocessed", "preprocessed_at": "2026-09-11T18:39:07.023304+00:00"}, "geometry": {"type": "Polygon", "coordinates": [[[77.5022917, 28.4649147], [77.5023363, 28.4648816], [77.5027011, 28.465262], [77.5026565, 28.465295], [77.5022917, 28.4649147]]]}}, {"type": "Feature", "properties": {"fid": 505, "name": null, "area_m2": 248.951, "est_height": 12.0, "building": "yes", "floor_count": 4, "source_layer": "Layer2-preprocessed", "preprocessed_at": "2026-09-11T18:39:07.023520+00:00"}, "geometry": {"type": "Polygon", "coordinates": [[[77.5024892, 28.4650128], [77.5023921, 28.4649127], [77.5025369, 28.4648154], [77.5026258, 28.4649066], [77.5024892, 28.4650128]]]}}, {"type": "Feature", "properties": {"fid": 506, "name": null, "area_m2": 140.306, "est_height": 6.0, "building": "yes", "floor_count": 2, "source_layer": "Layer2-preprocessed", "preprocessed_at": "2026-09-11T18:39:07.023740+00:00"}, "geometry": {"type": "Polygon", "coordinates": [[[77.504685, 28.4632303], [77.5047539, 28.4631823], [77.5048578, 28.4632974], [77.5047889, 28.4633454], [77.504685, 28.4632303]]]}}, {"type": "Feature", "properties": {"fid": 507, "name": null, "area_m2": 104.245, "est_height": 6.0, "building": "yes", "floor_count": 2, "source_layer": "Layer2-preprocessed", "preprocessed_at": "2026-09-11T18:39:07.023950+00:00"}, "geometry": {"type": "Polygon", "coordinates": [[[77.502183, 28.4649478], [77.5021268, 28.4649001], [77.502224, 28.4648117], [77.5022801, 28.4648594], [77.502183, 28.4649478]]]}}, {"type": "Feature", "properties": {"fid": 508, "name": null, "area_m2": 40.794, "est_height": 6.0, "building": "yes", "floor_count": 2, "source_layer": "Layer2-preprocessed", "preprocessed_at": "2026-09-11T18:39:07.024159+00:00"}, "geometry": {"type": "Polygon", "coordinates": [[[77.5028095, 28.4647568], [77.5028462, 28.4647266], [77.5029043, 28.464781], [77.5028676, 28.4648113], [77.5028095, 28.4647568]]]}}, {"type": "Feature", "properties": {"fid": 509, "name": null, "area_m2": 45.213, "est_height": 6.0, "building": "yes", "floor_count": 2, "source_layer": "Layer2-preprocessed", "preprocessed_at": "2026-09-11T18:39:07.024354+00:00"}, "geometry": {"type": "Polygon", "coordinates": [[[77.5040142, 28.4645081], [77.504049, 28.4644721], [77.5041162, 28.4645222], [77.5040814, 28.4645582], [77.5040142, 28.4645081]]]}}, {"type": "Feature", "properties": {"fid": 510, "name": null, "area_m2": 88.487, "est_height": 6.0, "building": "yes", "floor_count": 2, "source_layer": "Layer2-preprocessed", "preprocessed_at": "2026-09-11T18:39:07.024557+00:00"}, "geometry": {"type": "Polygon", "coordinates": [[[77.5039718, 28.4642305], [77.5040013, 28.464199], [77.5041555, 28.4643102], [77.504126, 28.4643418], [77.5039718, 28.4642305]]]}}, {"type": "Feature", "properties": {"fid": 511, "name": null, "area_m2": 53.377, "est_height": 6.0, "building": "yes", "floor_count": 2, "source_layer": "Layer2-preprocessed", "preprocessed_at": "2026-09-11T18:39:07.024750+00:00"}, "geometry": {"type": "Polygon", "coordinates": [[[77.5036776, 28.4645126], [77.5037237, 28.4644752], [77.5037841, 28.4645328], [77.503738, 28.4645702], [77.5036776, 28.4645126]]]}}, {"type": "Feature", "properties": {"fid": 512, "name": null, "area_m2": 141.194, "est_height": 6.0, "building": "yes", "floor_count": 2, "source_layer": "Layer2-preprocessed", "preprocessed_at": "2026-09-11T18:39:07.024941+00:00"}, "geometry": {"type": "Polygon", "coordinates": [[[77.5046531, 28.4634522], [77.5045795, 28.463364], [77.5046754, 28.4633022], [77.5047489, 28.4633904], [77.5046531, 28.4634522]]]}}, {"type": "Feature", "properties": {"fid": 513, "name": null, "area_m2": 115.248, "est_height": 6.0, "building": "yes", "floor_count": 2, "source_layer": "Layer2-preprocessed", "preprocessed_at": "2026-09-11T18:39:07.025162+00:00"}, "geometry": {"type": "Polygon", "coordinates": [[[77.5042697, 28.4633497], [77.5043192, 28.4633089], [77.5044408, 28.4634232], [77.5043913, 28.4634639], [77.5042697, 28.4633497]]]}}, {"type": "Feature", "properties": {"fid": 514, "name": null, "area_m2": 57.807, "est_height": 6.0, "building": "yes", "floor_count": 2, "source_layer": "Layer2-preprocessed", "preprocessed_at": "2026-09-11T18:39:07.025354+00:00"}, "geometry": {"type": "Polygon", "coordinates": [[[77.5039741, 28.4648149], [77.5040311, 28.4647648], [77.5040842, 28.4648115], [77.5040272, 28.4648616], [77.5039741, 28.4648149]]]}}, {"type": "Feature", "properties": {"fid": 515, "name": null, "area_m2": 44.952, "est_height": 6.0, "building": "yes", "floor_count": 2, "source_layer": "Layer2-preprocessed", "preprocessed_at": "2026-09-11T18:39:07.025577+00:00"}, "geometry": {"type": "Polygon", "coordinates": [[[77.5042215, 28.4643348], [77.5041841, 28.464307], [77.5042462, 28.4642425], [77.5042836, 28.4642703], [77.5042215, 28.4643348]]]}}, {"type": "Feature", "properties": {"fid": 516, "name": null, "area_m2": 127.042, "est_height": 6.0, "building": "yes", "floor_count": 2, "source_layer": "Layer2-preprocessed", "preprocessed_at": "2026-09-11T18:39:07.025771+00:00"}, "geometry": {"type": "Polygon", "coordinates": [[[77.5040814, 28.46467], [77.5041418, 28.4646258], [77.5042501, 28.4647402], [77.5041897, 28.4647844], [77.5040814, 28.46467]]]}}, {"type": "Feature", "properties": {"fid": 517, "name": null, "area_m2": 24.863, "est_height": 6.0, "building": "yes", "floor_count": 2, "source_layer": "Layer2-preprocessed", "preprocessed_at": "2026-09-11T18:39:07.025994+00:00"}, "geometry": {"type": "Polygon", "coordinates": [[[77.502775, 28.4645016], [77.5028026, 28.46448], [77.5028495, 28.4645261], [77.5028219, 28.4645478], [77.502775, 28.4645016]]]}}, {"type": "Feature", "properties": {"fid": 518, "name": null, "area_m2": 72.235, "est_height": 6.0, "building": "yes", "floor_count": 2, "source_layer": "Layer2-preprocessed", "preprocessed_at": "2026-09-11T18:39:07.026325+00:00"}, "geometry": {"type": "Polygon", "coordinates": [[[77.5034562, 28.464805], [77.5034132, 28.4647576], [77.5034991, 28.4646975], [77.503542, 28.4647449], [77.5034562, 28.464805]]]}}, {"type": "Feature", "properties": {"fid": 519, "name": null, "area_m2": 63.135, "est_height": 6.0, "building": "yes", "floor_count": 2, "source_layer": "Layer2-preprocessed", "preprocessed_at": "2026-09-11T18:39:07.026616+00:00"}, "geometry": {"type": "Polygon", "coordinates": [[[77.5031184, 28.4650448], [77.5030549, 28.464975], [77.5031057, 28.4649393], [77.5031692, 28.4650091], [77.5031184, 28.4650448]]]}}, {"type": "Feature", "properties": {"fid": 520, "name": null, "area_m2": 50.662, "est_height": 6.0, "building": "yes", "floor_count": 2, "source_layer": "Layer2-preprocessed", "preprocessed_at": "2026-09-11T18:39:07.026857+00:00"}, "geometry": {"type": "Polygon", "coordinates": [[[77.5033777, 28.4648706], [77.5034176, 28.4648469], [77.5034791, 28.4649274], [77.5034392, 28.464951], [77.5033777, 28.4648706]]]}}, {"type": "Feature", "properties": {"fid": 521, "name": null, "area_m2": 21.501, "est_height": 6.0, "building": "yes", "floor_count": 2, "source_layer": "Layer2-preprocessed", "preprocessed_at": "2026-09-11T18:39:07.027060+00:00"}, "geometry": {"type": "Polygon", "coordinates": [[[77.504161, 28.4643835], [77.5041335, 28.4643649], [77.5041731, 28.4643197], [77.5042006, 28.4643383], [77.504161, 28.4643835]]]}}, {"type": "Feature", "properties": {"fid": 522, "name": null, "area_m2": 290.569, "est_height": 12.0, "building": "yes", "floor_count": 4, "source_layer": "Layer2-preprocessed", "preprocessed_at": "2026-09-11T18:39:07.027298+00:00"}, "geometry": {"type": "Polygon", "coordinates": [[[77.5045317, 28.4633848], [77.5043923, 28.4632513], [77.5045185, 28.4631558], [77.5046291, 28.4633061], [77.5045317, 28.4633848]]]}}, {"type": "Feature", "properties": {"fid": 523, "name": null, "area_m2": 35.896, "est_height": 6.0, "building": "yes", "floor_count": 2, "source_layer": "Layer2-preprocessed", "preprocessed_at": "2026-09-11T18:39:07.027496+00:00"}, "geometry": {"type": "Polygon", "coordinates": [[[77.5040289, 28.4649326], [77.5040763, 28.4648944], [77.5041158, 28.4649322], [77.5040683, 28.4649705], [77.5040289, 28.4649326]]]}}, {"type": "Feature", "properties": {"fid": 524, "name": null, "area_m2": 36.421, "est_height": 6.0, "building": "yes", "floor_count": 2, "source_layer": "Layer2-preprocessed", "preprocessed_at": "2026-09-11T18:39:07.027719+00:00"}, "geometry": {"type": "Polygon", "coordinates": [[[77.5042085, 28.4644475], [77.5041635, 28.4644673], [77.5041296, 28.4644077], [77.5041746, 28.4643879], [77.5042085, 28.4644475]]]}}, {"type": "Feature", "properties": {"fid": 525, "name": null, "area_m2": 139.353, "est_height": 6.0, "building": "yes", "floor_count": 2, "source_layer": "Layer2-preprocessed", "preprocessed_at": "2026-09-11T18:39:07.027920+00:00"}, "geometry": {"type": "Polygon", "coordinates": [[[77.5023731, 28.4649006], [77.5023195, 28.4648461], [77.5024744, 28.4647406], [77.5025178, 28.4647862], [77.5023731, 28.4649006]]]}}, {"type": "Feature", "properties": {"fid": 526, "name": null, "area_m2": 91.586, "est_height": 6.0, "building": "yes", "floor_count": 2, "source_layer": "Layer2-preprocessed", "preprocessed_at": "2026-09-11T18:39:07.028145+00:00"}, "geometry": {"type": "Polygon", "coordinates": [[[77.5037476, 28.4644793], [77.5038046, 28.4644285], [77.5038887, 28.4645015], [77.5038318, 28.4645523], [77.5037476, 28.4644793]]]}}, {"type": "Feature", "properties": {"fid": 527, "name": null, "area_m2": 124.247, "est_height": 6.0, "building": "yes", "floor_count": 2, "source_layer": "Layer2-preprocessed", "preprocessed_at": "2026-09-11T18:39:07.028375+00:00"}, "geometry": {"type": "Polygon", "coordinates": [[[77.5036414, 28.4645324], [77.5037651, 28.4646332], [77.5036799, 28.464714], [77.5036489, 28.4646887], [77.5036926, 28.4646472], [77.5035999, 28.4645718], [77.5036414, 28.4645324]]]}}, {"type": "Feature", "properties": {"fid": 528, "name": null, "area_m2": 593.187, "est_height": 12.0, "building": "yes", "floor_count": 4, "source_layer": "Layer2-preprocessed", "preprocessed_at": "2026-09-11T18:39:07.028733+00:00"}, "geometry": {"type": "Polygon", "coordinates": [[[77.5046309, 28.4653919], [77.5043693, 28.4650586], [77.5044954, 28.4649821], [77.5045949, 28.4651089], [77.5045509, 28.4651356], [77.5046405, 28.4652497], [77.5046845, 28.4652231], [77.5047569, 28.4653154], [77.5046309, 28.4653919]]]}}, {"type": "Feature", "properties": {"fid": 529, "name": null, "area_m2": 182.815, "est_height": 6.0, "building": "yes", "floor_count": 2, "source_layer": "Layer2-preprocessed", "preprocessed_at": "2026-09-11T18:39:07.029084+00:00"}, "geometry": {"type": "Polygon", "coordinates": [[[77.5050331, 28.4644659], [77.5049521, 28.4643878], [77.5050697, 28.4642935], [77.5051508, 28.4643716], [77.5050331, 28.4644659]]]}}, {"type": "Feature", "properties": {"fid": 530, "name": null, "area_m2": 246.296, "est_height": 12.0, "building": "yes", "floor_count": 4, "source_layer": "Layer2-preprocessed", "preprocessed_at": "2026-09-11T18:39:07.029312+00:00"}, "geometry": {"type": "Polygon", "coordinates": [[[77.5048639, 28.4648383], [77.5047249, 28.4646755], [77.504814, 28.4646167], [77.504953, 28.4647796], [77.5048639, 28.4648383]]]}}, {"type": "Feature", "properties": {"fid": 531, "name": null, "area_m2": 36.627, "est_height": 6.0, "building": "yes", "floor_count": 2, "source_layer": "Layer2-preprocessed", "preprocessed_at": "2026-09-11T18:39:07.029515+00:00"}, "geometry": {"type": "Polygon", "coordinates": [[[77.505022, 28.4645424], [77.5049846, 28.4644967], [77.5050331, 28.4644659], [77.5050706, 28.4645116], [77.505022, 28.4645424]]]}}, {"type": "Feature", "properties": {"fid": 532, "name": null, "area_m2": 60.571, "est_height": 6.0, "building": "yes", "floor_count": 2, "source_layer": "Layer2-preprocessed", "preprocessed_at": "2026-09-11T18:39:07.029734+00:00"}, "geometry": {"type": "Polygon", "coordinates": [[[77.5050107, 28.464312], [77.5049557, 28.464253], [77.5050121, 28.4642122], [77.5050672, 28.4642713], [77.5050107, 28.464312]]]}}, {"type": "Feature", "properties": {"fid": 533, "name": null, "area_m2": 45.05, "est_height": 6.0, "building": "yes", "floor_count": 2, "source_layer": "Layer2-preprocessed", "preprocessed_at": "2026-09-11T18:39:07.029960+00:00"}, "geometry": {"type": "Polygon", "coordinates": [[[77.5049927, 28.4648075], [77.5049712, 28.4647797], [77.5050733, 28.4647188], [77.5050948, 28.4647466], [77.5049927, 28.4648075]]]}}, {"type": "Feature", "properties": {"fid": 534, "name": null, "area_m2": 94.382, "est_height": 6.0, "building": "yes", "floor_count": 2, "source_layer": "Layer2-preprocessed", "preprocessed_at": "2026-09-11T18:39:07.030154+00:00"}, "geometry": {"type": "Polygon", "coordinates": [[[77.50483, 28.4645215], [77.5048853, 28.4644747], [77.5049746, 28.4645561], [77.5049192, 28.464603], [77.50483, 28.4645215]]]}}, {"type": "Feature", "properties": {"fid": 535, "name": null, "area_m2": 219.312, "est_height": 12.0, "building": "yes", "floor_count": 4, "source_layer": "Layer2-preprocessed", "preprocessed_at": "2026-09-11T18:39:07.030348+00:00"}, "geometry": {"type": "Polygon", "coordinates": [[[77.5046388, 28.4642164], [77.504749, 28.4641479], [77.5048473, 28.46427], [77.504737, 28.4643385], [77.5046388, 28.4642164]]]}}, {"type": "Feature", "properties": {"fid": 536, "name": null, "area_m2": 112.396, "est_height": 6.0, "building": "yes", "floor_count": 2, "source_layer": "Layer2-preprocessed", "preprocessed_at": "2026-09-11T18:39:07.030540+00:00"}, "geometry": {"type": "Polygon", "coordinates": [[[77.5047069, 28.4649237], [77.5046566, 28.4648618], [77.5047673, 28.4647923], [77.5048176, 28.4648542], [77.5047069, 28.4649237]]]}}, {"type": "Feature", "properties": {"fid": 537, "name": null, "area_m2": 106.079, "est_height": 6.0, "building": "yes", "floor_count": 2, "source_layer": "Layer2-preprocessed", "preprocessed_at": "2026-09-11T18:39:07.030766+00:00"}, "geometry": {"type": "Polygon", "coordinates": [[[77.5046007, 28.4647738], [77.5046775, 28.4647112], [77.5047496, 28.4647796], [77.5046728, 28.4648422], [77.5046007, 28.4647738]]]}}, {"type": "Feature", "properties": {"fid": 538, "name": null, "area_m2": 89.012, "est_height": 6.0, "building": "yes", "floor_count": 2, "source_layer": "Layer2-preprocessed", "preprocessed_at": "2026-09-11T18:39:07.030988+00:00"}, "geometry": {"type": "Polygon", "coordinates": [[[77.5048865, 28.4646447], [77.5049333, 28.4646157], [77.505027, 28.4647329], [77.5049802, 28.4647618], [77.5048865, 28.4646447]]]}}, {"type": "Feature", "properties": {"fid": 539, "name": null, "area_m2": 102.878, "est_height": 6.0, "building": "yes", "floor_count": 2, "source_layer": "Layer2-preprocessed", "preprocessed_at": "2026-09-11T18:39:07.031212+00:00"}, "geometry": {"type": "Polygon", "coordinates": [[[77.5048228, 28.4649132], [77.5049109, 28.4648556], [77.5049695, 28.4649248], [77.5048814, 28.4649824], [77.5048228, 28.4649132]]]}}, {"type": "Feature", "properties": {"fid": 540, "name": null, "area_m2": 76.561, "est_height": 6.0, "building": "yes", "floor_count": 2, "source_layer": "Layer2-preprocessed", "preprocessed_at": "2026-09-11T18:39:07.031426+00:00"}, "geometry": {"type": "Polygon", "coordinates": [[[77.5049682, 28.4642178], [77.5049222, 28.4641698], [77.5050081, 28.4641062], [77.5050541, 28.4641542], [77.5049682, 28.4642178]]]}}, {"type": "Feature", "properties": {"fid": 541, "name": null, "area_m2": 1037.005, "est_height": 18.0, "building": "yes", "floor_count": 6, "source_layer": "Layer2-preprocessed", "preprocessed_at": "2026-09-11T18:39:07.031619+00:00"}, "geometry": {"type": "Polygon", "coordinates": [[[77.4980115, 28.4597672], [77.4984109, 28.4593458], [77.4985446, 28.4594438], [77.4981453, 28.4598651], [77.4980115, 28.4597672]]]}}, {"type": "Feature", "properties": {"fid": 542, "name": null, "area_m2": 461.859, "est_height": 12.0, "building": "yes", "floor_count": 4, "source_layer": "Layer2-preprocessed", "preprocessed_at": "2026-09-11T18:39:07.031814+00:00"}, "geometry": {"type": "Polygon", "coordinates": [[[77.4976914, 28.4643688], [77.4978789, 28.4644999], [77.4977532, 28.4646388], [77.4975657, 28.4645077], [77.4976914, 28.4643688]]]}}, {"type": "Feature", "properties": {"fid": 543, "name": null, "area_m2": 209.069, "est_height": 12.0, "building": "yes", "floor_count": 4, "source_layer": "Layer2-preprocessed", "preprocessed_at": "2026-09-11T18:39:07.032030+00:00"}, "geometry": {"type": "Polygon", "coordinates": [[[77.5040174, 28.4639992], [77.5041394, 28.4638899], [77.5042291, 28.4639674], [77.5041071, 28.4640766], [77.5040174, 28.4639992]]]}}, {"type": "Feature", "properties": {"fid": 544, "name": null, "area_m2": 873.005, "est_height": 18.0, "building": "yes", "floor_count": 6, "source_layer": "Layer2-preprocessed", "preprocessed_at": "2026-09-11T18:39:07.032262+00:00"}, "geometry": {"type": "Polygon", "coordinates": [[[77.497465, 28.4592428], [77.497711, 28.4589844], [77.4978939, 28.459119], [77.4976479, 28.4593774], [77.497465, 28.4592428]]]}}, {"type": "Feature", "properties": {"fid": 545, "name": null, "area_m2": 180.857, "est_height": 6.0, "building": "yes", "floor_count": 2, "source_layer": "Layer2-preprocessed", "preprocessed_at": "2026-09-11T18:39:07.032467+00:00"}, "geometry": {"type": "Polygon", "coordinates": [[[77.5045323, 28.4643804], [77.504643, 28.4643029], [77.5047263, 28.464395], [77.5046156, 28.4644725], [77.5045323, 28.4643804]]]}}, {"type": "Feature", "properties": {"fid": 546, "name": "Knowledge Park II", "area_m2": 3418.988, "est_height": 9.0, "building": "yes", "floor_count": 3, "source_layer": "Layer2-preprocessed", "preprocessed_at": "2026-09-11T18:39:07.032770+00:00"}, "geometry": {"type": "Polygon", "coordinates": [[[77.5007348, 28.4574891], [77.5005831, 28.4573694], [77.5005407, 28.4574109], [77.5002925, 28.457215], [77.5003357, 28.4571727], [77.5002225, 28.4570833], [77.5001776, 28.4571272], [77.4999908, 28.4569798], [77.4999163, 28.4569209], [77.4999533, 28.4568847], [77.4996434, 28.4566401], [77.4997671, 28.456519], [77.5000731, 28.4567605], [77.5001192, 28.4567154], [77.5001977, 28.4567755], [77.5003871, 28.4569269], [77.5003481, 28.4569652], [77.5004577, 28.4570517], [77.5005012, 28.4570092], [77.5007553, 28.4572098], [77.5007136, 28.4572506], [77.5008602, 28.4573663], [77.5007348, 28.4574891]]]}}, {"type": "Feature", "properties": {"fid": 547, "name": "Pt. Deendayal Upadhyaya Institute of Archaeology", "area_m2": 11670.184, "est_height": 9.0, "building": "yes", "floor_count": 3, "source_layer": "Layer2-preprocessed", "preprocessed_at": "2026-09-11T18:39:07.033023+00:00"}, "geometry": {"type": "Polygon", "coordinates": [[[77.4953654, 28.4547688], [77.4953268, 28.4538746], [77.4970606, 28.4550857], [77.4970691, 28.4551838], [77.4960993, 28.4552668], [77.4959576, 28.4550857], [77.4953654, 28.4547688]]]}}, {"type": "Feature", "properties": {"fid": 548, "name": null, "area_m2": 1600.238, "est_height": 18.0, "building": "yes", "floor_count": 6, "source_layer": "Layer2-preprocessed", "preprocessed_at": "2026-09-11T18:39:07.033620+00:00"}, "geometry": {"type": "Polygon", "coordinates": [[[77.4929656, 28.4588508], [77.4928683, 28.4587827], [77.4929059, 28.4587615], [77.4928281, 28.4587058], [77.4928459, 28.4586866], [77.492773, 28.4586345], [77.4928098, 28.4585946], [77.4925801, 28.4584306], [77.4926011, 28.4584078], [77.4925255, 28.4583541], [77.4925589, 28.4583179], [77.4925251, 28.4582939], [77.4925973, 28.458215], [77.4929426, 28.458459], [77.4929206, 28.4584831], [77.492991, 28.4585325], [77.4930094, 28.4585122], [77.4931702, 28.4586248], [77.4929656, 28.4588508]]]}}, {"type": "Feature", "properties": {"fid": 549, "name": null, "area_m2": 4405.79, "est_height": 9.0, "building": "yes", "floor_count": 3, "source_layer": "Layer2-preprocessed", "preprocessed_at": "2026-09-11T18:39:07.034229+00:00"}, "geometry": {"type": "Polygon", "coordinates": [[[77.5033573, 28.46252], [77.503246, 28.4624858], [77.5031561, 28.4624292], [77.5031427, 28.462415], [77.5031628, 28.4624009], [77.5030958, 28.4623231], [77.5030636, 28.4623349], [77.5030193, 28.4622441], [77.5030019, 28.4621427], [77.5031575, 28.462125], [77.5031588, 28.4620602], [77.5031709, 28.4620059], [77.5031883, 28.46198], [77.503151, 28.4619417], [77.5032217, 28.4618876], [77.5032674, 28.461888], [77.5033519, 28.4618527], [77.5033707, 28.4618456], [77.5033533, 28.4617359], [77.5034445, 28.4617265], [77.5035142, 28.4617241], [77.5035263, 28.4617241], [77.5035289, 28.46171], [77.5036, 28.4617206], [77.5036738, 28.4617277], [77.5037046, 28.4617406], [77.5036993, 28.4617654], [77.5037583, 28.4618078], [77.5038052, 28.4618562], [77.50382, 28.4618774], [77.5037529, 28.4619269], [77.5037234, 28.4619564], [77.5037556, 28.4620106], [77.5037663, 28.4620743], [77.5037771, 28.4621698], [77.5037435, 28.4622665], [77.5036845, 28.4623384], [77.5035745, 28.4623808], [77.5035182, 28.4623997], [77.5034834, 28.4623997], [77.503482, 28.462415], [77.503368, 28.4624115], [77.5033573, 28.46252]]]}}, {"type": "Feature", "properties": {"fid": 550, "name": null, "area_m2": 307.489, "est_height": 12.0, "building": "yes", "floor_count": 4, "source_layer": "Layer2-preprocessed", "preprocessed_at": "2026-09-11T18:39:07.034597+00:00"}, "geometry": {"type": "Polygon", "coordinates": [[[77.5030594, 28.4571414], [77.5029655, 28.4570742], [77.5031358, 28.4568915], [77.503227, 28.4569599], [77.5030594, 28.4571414]]]}}, {"type": "Feature", "properties": {"fid": 551, "name": null, "area_m2": 379.063, "est_height": 12.0, "building": "yes", "floor_count": 4, "source_layer": "Layer2-preprocessed", "preprocessed_at": "2026-09-11T18:39:07.034988+00:00"}, "geometry": {"type": "Polygon", "coordinates": [[[77.5031452, 28.4572381], [77.5030513, 28.4571615], [77.5032391, 28.4569658], [77.5033491, 28.4570412], [77.5031452, 28.4572381]]]}}, {"type": "Feature", "properties": {"fid": 552, "name": null, "area_m2": 305.472, "est_height": 12.0, "building": "yes", "floor_count": 4, "source_layer": "Layer2-preprocessed", "preprocessed_at": "2026-09-11T18:39:07.035401+00:00"}, "geometry": {"type": "Polygon", "coordinates": [[[77.5037933, 28.4573676], [77.5037232, 28.4573132], [77.5038746, 28.4571625], [77.5039594, 28.4572284], [77.5039273, 28.4572604], [77.5039472, 28.4572758], [77.5038092, 28.4574133], [77.5037745, 28.4573864], [77.5037933, 28.4573676]]]}}, {"type": "Feature", "properties": {"fid": 553, "name": null, "area_m2": 158.542, "est_height": 6.0, "building": "yes", "floor_count": 2, "source_layer": "Layer2-preprocessed", "preprocessed_at": "2026-09-11T18:39:07.035704+00:00"}, "geometry": {"type": "Polygon", "coordinates": [[[77.5035928, 28.4574017], [77.5035058, 28.4573385], [77.5035995, 28.4572388], [77.5036865, 28.457302], [77.5035928, 28.4574017]]]}}, {"type": "Feature", "properties": {"fid": 554, "name": null, "area_m2": 106.679, "est_height": 6.0, "building": "yes", "floor_count": 2, "source_layer": "Layer2-preprocessed", "preprocessed_at": "2026-09-11T18:39:07.036084+00:00"}, "geometry": {"type": "Polygon", "coordinates": [[[77.5040249, 28.457507], [77.5039514, 28.457454], [77.5040259, 28.4573741], [77.5040994, 28.4574271], [77.5040249, 28.457507]]]}}, {"type": "Feature", "properties": {"fid": 555, "name": null, "area_m2": 313.634, "est_height": 12.0, "building": "yes", "floor_count": 4, "source_layer": "Layer2-preprocessed", "preprocessed_at": "2026-09-11T18:39:07.036594+00:00"}, "geometry": {"type": "Polygon", "coordinates": [[[77.5034862, 28.4571528], [77.5034636, 28.4571774], [77.5033925, 28.4571269], [77.5034846, 28.4570266], [77.5035056, 28.4570415], [77.503581, 28.4569594], [77.5036706, 28.457023], [77.5035257, 28.4571808], [77.5034862, 28.4571528]]]}}, {"type": "Feature", "properties": {"fid": 556, "name": null, "area_m2": 339.067, "est_height": 12.0, "building": "yes", "floor_count": 4, "source_layer": "Layer2-preprocessed", "preprocessed_at": "2026-09-11T18:39:07.036953+00:00"}, "geometry": {"type": "Polygon", "coordinates": [[[77.5040914, 28.4578616], [77.503976, 28.4577762], [77.5040739, 28.457674], [77.5040621, 28.4576652], [77.5041057, 28.4576196], [77.5042496, 28.4577259], [77.5042108, 28.4577664], [77.5041942, 28.4577541], [77.5040914, 28.4578616]]]}}, {"type": "Feature", "properties": {"fid": 557, "name": null, "area_m2": 160.369, "est_height": 6.0, "building": "yes", "floor_count": 2, "source_layer": "Layer2-preprocessed", "preprocessed_at": "2026-09-11T18:39:07.037302+00:00"}, "geometry": {"type": "Polygon", "coordinates": [[[77.5044883, 28.458223], [77.5044415, 28.4581878], [77.5044493, 28.4581799], [77.5046188, 28.4580053], [77.5046656, 28.4580404], [77.5044883, 28.458223]]]}}, {"type": "Feature", "properties": {"fid": 558, "name": null, "area_m2": 188.767, "est_height": 6.0, "building": "yes", "floor_count": 2, "source_layer": "Layer2-preprocessed", "preprocessed_at": "2026-09-11T18:39:07.037661+00:00"}, "geometry": {"type": "Polygon", "coordinates": [[[77.5044493, 28.4581799], [77.5043911, 28.4581377], [77.5045574, 28.4579644], [77.5046188, 28.4580053], [77.5044493, 28.4581799]]]}}, {"type": "Feature", "properties": {"fid": 559, "name": null, "area_m2": 325.434, "est_height": 12.0, "building": "yes", "floor_count": 4, "source_layer": "Layer2-preprocessed", "preprocessed_at": "2026-09-11T18:39:07.037911+00:00"}, "geometry": {"type": "Polygon", "coordinates": [[[77.5043807, 28.4581338], [77.5043191, 28.4580896], [77.5043289, 28.458079], [77.5042856, 28.4580479], [77.5044388, 28.4578828], [77.5045438, 28.4579582], [77.5043807, 28.4581338]]]}}, {"type": "Feature", "properties": {"fid": 560, "name": null, "area_m2": 139.868, "est_height": 6.0, "building": "yes", "floor_count": 2, "source_layer": "Layer2-preprocessed", "preprocessed_at": "2026-09-11T18:39:07.038192+00:00"}, "geometry": {"type": "Polygon", "coordinates": [[[77.5047257, 28.4582073], [77.5047981, 28.4581289], [77.50489, 28.4581932], [77.5048142, 28.4582739], [77.5047686, 28.4582391], [77.5047498, 28.458258], [77.5047237, 28.4582397], [77.5047418, 28.4582191], [77.5047257, 28.4582073]]]}}, {"type": "Feature", "properties": {"fid": 561, "name": null, "area_m2": 293.599, "est_height": 12.0, "building": "yes", "floor_count": 4, "source_layer": "Layer2-preprocessed", "preprocessed_at": "2026-09-11T18:39:07.038558+00:00"}, "geometry": {"type": "Polygon", "coordinates": [[[77.5048542, 28.4584594], [77.505011, 28.4582831], [77.5051207, 28.4583585], [77.5050558, 28.4584315], [77.5050439, 28.4584233], [77.5050303, 28.4584385], [77.5050152, 28.4584281], [77.5049368, 28.4585162], [77.5048542, 28.4584594]]]}}, {"type": "Feature", "properties": {"fid": 562, "name": "Girl's Hostel", "area_m2": 800.064, "est_height": 18.0, "building": "dormitory", "floor_count": 6, "source_layer": "Layer2-preprocessed", "preprocessed_at": "2026-09-11T18:39:07.038785+00:00"}, "geometry": {"type": "Polygon", "coordinates": [[[77.4934239, 28.4611033], [77.49328, 28.4609969], [77.4935667, 28.4606972], [77.4937107, 28.4608037], [77.4934239, 28.4611033]]]}}, {"type": "Feature", "properties": {"fid": 563, "name": "Boy's Hostel", "area_m2": 514.937, "est_height": 12.0, "building": "dormitory", "floor_count": 4, "source_layer": "Layer2-preprocessed", "preprocessed_at": "2026-09-11T18:39:07.038996+00:00"}, "geometry": {"type": "Polygon", "coordinates": [[[77.4933049, 28.4606531], [77.4931062, 28.460499], [77.4932409, 28.4603648], [77.4934395, 28.4605189], [77.4933049, 28.4606531]]]}}, {"type": "Feature", "properties": {"fid": 564, "name": null, "area_m2": 1045.31, "est_height": 18.0, "building": "college", "floor_count": 6, "source_layer": "Layer2-preprocessed", "preprocessed_at": "2026-09-11T18:39:07.039228+00:00"}, "geometry": {"type": "Polygon", "coordinates": [[[77.493241, 28.4609687], [77.492864, 28.4607095], [77.4930049, 28.4605511], [77.4933819, 28.4608103], [77.493241, 28.4609687]]]}}, {"type": "Feature", "properties": {"fid": 565, "name": null, "area_m2": 5262.864, "est_height": 9.0, "building": "commercial", "floor_count": 3, "source_layer": "Layer2-preprocessed", "preprocessed_at": "2026-09-11T18:39:07.039527+00:00"}, "geometry": {"type": "Polygon", "coordinates": [[[77.4995412, 28.4567658], [77.4994628, 28.4568999], [77.4994205, 28.4569721], [77.4993479, 28.45717], [77.4992969, 28.4573869], [77.4992808, 28.4576133], [77.4992915, 28.4578303], [77.4993371, 28.4580331], [77.4994176, 28.4582453], [77.4995624, 28.4584483], [77.4993342, 28.4585686], [77.4991787, 28.4583328], [77.4990836, 28.4581027], [77.4990394, 28.4578416], [77.4990206, 28.4575952], [77.4990455, 28.4573448], [77.4990939, 28.4571096], [77.4993162, 28.4566589], [77.4995412, 28.4567658]]]}}, {"type": "Feature", "properties": {"fid": 566, "name": null, "area_m2": 1063.577, "est_height": 18.0, "building": "yes", "floor_count": 6, "source_layer": "Layer2-preprocessed", "preprocessed_at": "2026-09-11T18:39:07.040198+00:00"}, "geometry": {"type": "Polygon", "coordinates": [[[77.4973918, 28.4562627], [77.4974641, 28.4561867], [77.4974766, 28.4561959], [77.4974998, 28.4561959], [77.4975188, 28.4562051], [77.4975188, 28.4562274], [77.4975568, 28.4562534], [77.4975842, 28.4562571], [77.497599, 28.4562682], [77.497629, 28.4563082], [77.497618, 28.4563146], [77.4976762, 28.4563611], [77.497659, 28.4563777], [77.4976729, 28.4563888], [77.4976665, 28.4564092], [77.4976485, 28.4564213], [77.4976347, 28.4564195], [77.4975911, 28.4563852], [77.4975751, 28.456401], [77.4976284, 28.4564428], [77.4976305, 28.4564623], [77.4976136, 28.4564819], [77.4975977, 28.4564884], [77.4975648, 28.4565201], [77.4975638, 28.4565359], [77.497551, 28.4565564], [77.4975341, 28.4565657], [77.4975224, 28.4565648], [77.4975002, 28.4565862], [77.4974981, 28.4566048], [77.4974864, 28.4566235], [77.4974695, 28.4566319], [77.4974589, 28.4566328], [77.4974443, 28.4566476], [77.4973809, 28.4565995], [77.4973626, 28.4566181], [77.4974268, 28.4566669], [77.4974154, 28.4566784], [77.4974027, 28.4566868], [77.4973826, 28.456684], [77.4973602, 28.4567073], [77.4973127, 28.4566719], [77.4973177, 28.4566627], [77.4973063, 28.4566579], [77.4972946, 28.4566663], [77.4972586, 28.4566421], [77.4972427, 28.456643], [77.4972237, 28.4566356], [77.4972215, 28.4566123], [77.4971817, 28.4565802], [77.4971551, 28.4565802], [77.4971384, 28.4565655], [77.4971251, 28.4565465], [77.497205, 28.4564626], [77.4973415, 28.456563], [77.4975303, 28.4563647], [77.4973918, 28.4562627]]]}}, {"type": "Feature", "properties": {"fid": 567, "name": null, "area_m2": 333.579, "est_height": 12.0, "building": "yes", "floor_count": 4, "source_layer": "Layer2-preprocessed", "preprocessed_at": "2026-09-11T18:39:07.040701+00:00"}, "geometry": {"type": "Polygon", "coordinates": [[[77.4974689, 28.4559769], [77.497514, 28.455928], [77.4975232, 28.4559345], [77.4975484, 28.4559072], [77.4975425, 28.4558947], [77.4975862, 28.4558481], [77.497644, 28.4558901], [77.4976344, 28.4559003], [77.4976537, 28.4559143], [77.4976774, 28.455889], [77.4977397, 28.4559342], [77.4977248, 28.4559501], [77.4977231, 28.4559582], [77.4976753, 28.4560106], [77.4976576, 28.4560062], [77.4976435, 28.4560214], [77.4976576, 28.4560315], [77.4976114, 28.4560815], [77.4975512, 28.4560385], [77.4975606, 28.4560284], [77.4975387, 28.4560128], [77.497531, 28.4560212], [77.4974689, 28.4559769]]]}}, {"type": "Feature", "properties": {"fid": 568, "name": null, "area_m2": 601.4, "est_height": 12.0, "building": "yes", "floor_count": 4, "source_layer": "Layer2-preprocessed", "preprocessed_at": "2026-09-11T18:39:07.041093+00:00"}, "geometry": {"type": "Polygon", "coordinates": [[[77.4956405, 28.4563967], [77.4955976, 28.4560394], [77.4956405, 28.4560369], [77.4956434, 28.4560185], [77.4957264, 28.4560151], [77.4957292, 28.4560336], [77.4957502, 28.4560378], [77.4957845, 28.4563933], [77.4956834, 28.4564067], [77.4956863, 28.4563916], [77.4956405, 28.4563967]]]}}, {"type": "Feature", "properties": {"fid": 569, "name": null, "area_m2": 386.12, "est_height": 12.0, "building": "yes", "floor_count": 4, "source_layer": "Layer2-preprocessed", "preprocessed_at": "2026-09-11T18:39:07.041468+00:00"}, "geometry": {"type": "Polygon", "coordinates": [[[77.495942, 28.4559859], [77.4959932, 28.4559315], [77.4959545, 28.4559034], [77.4960555, 28.4557959], [77.4960936, 28.4558236], [77.4961497, 28.455764], [77.4962267, 28.4558199], [77.4960185, 28.4560414], [77.495942, 28.4559859]]]}}, {"type": "Feature", "properties": {"fid": 570, "name": null, "area_m2": 394.497, "est_height": 12.0, "building": "yes", "floor_count": 4, "source_layer": "Layer2-preprocessed", "preprocessed_at": "2026-09-11T18:39:07.041985+00:00"}, "geometry": {"type": "Polygon", "coordinates": [[[77.4961287, 28.4563842], [77.4961768, 28.4563304], [77.4961961, 28.4563437], [77.4962115, 28.4563265], [77.4961981, 28.4563078], [77.4962313, 28.4562708], [77.496255, 28.4562872], [77.4962824, 28.4562567], [77.4962602, 28.4562413], [77.4963064, 28.4561897], [77.4964336, 28.4562779], [77.4963829, 28.4563344], [77.4963632, 28.4563207], [77.4962912, 28.456401], [77.4963096, 28.4564137], [77.4962567, 28.4564728], [77.4961287, 28.4563842]]]}}, {"type": "Feature", "properties": {"fid": 571, "name": null, "area_m2": 418.961, "est_height": 12.0, "building": "yes", "floor_count": 4, "source_layer": "Layer2-preprocessed", "preprocessed_at": "2026-09-11T18:39:07.042566+00:00"}, "geometry": {"type": "Polygon", "coordinates": [[[77.4964659, 28.4560166], [77.4965175, 28.4559647], [77.4965296, 28.4559741], [77.4965522, 28.4559514], [77.4965344, 28.4559377], [77.4965685, 28.4559034], [77.4965819, 28.4559083], [77.4966099, 28.4558818], [77.4966032, 28.4558709], [77.496651, 28.4558227], [77.4966932, 28.455855], [77.4967007, 28.4558474], [77.4967309, 28.4558706], [77.4967253, 28.4558763], [77.4967686, 28.4559096], [77.4967163, 28.4559622], [77.4967063, 28.4559545], [77.4966302, 28.4560308], [77.4966507, 28.4560466], [77.4965869, 28.4561105], [77.4965515, 28.4560832], [77.4965423, 28.4560924], [77.4964951, 28.456056], [77.4965047, 28.4560463], [77.4964659, 28.4560166]]]}}, {"type": "Feature", "properties": {"fid": 572, "name": null, "area_m2": 395.951, "est_height": 12.0, "building": "yes", "floor_count": 4, "source_layer": "Layer2-preprocessed", "preprocessed_at": "2026-09-11T18:39:07.042870+00:00"}, "geometry": {"type": "Polygon", "coordinates": [[[77.494562, 28.4542343], [77.4946765, 28.4541008], [77.4948251, 28.4541993], [77.4947959, 28.4542333], [77.4948454, 28.4542661], [77.4947879, 28.4543332], [77.494741, 28.4543021], [77.4947132, 28.4543345], [77.494562, 28.4542343]]]}}, {"type": "Feature", "properties": {"fid": 573, "name": null, "area_m2": 680.983, "est_height": 12.0, "building": "yes", "floor_count": 4, "source_layer": "Layer2-preprocessed", "preprocessed_at": "2026-09-11T18:39:07.043111+00:00"}, "geometry": {"type": "Polygon", "coordinates": [[[77.4967661, 28.4586873], [77.4966612, 28.4586126], [77.496709, 28.4585608], [77.4966241, 28.4585004], [77.4967816, 28.4583295], [77.4969713, 28.4584647], [77.4967661, 28.4586873]]]}}, {"type": "Feature", "properties": {"fid": 574, "name": null, "area_m2": 342.05, "est_height": 12.0, "building": "yes", "floor_count": 4, "source_layer": "Layer2-preprocessed", "preprocessed_at": "2026-09-11T18:39:07.043324+00:00"}, "geometry": {"type": "Polygon", "coordinates": [[[77.4952438, 28.4567323], [77.4952183, 28.4565211], [77.4953658, 28.4565074], [77.4953912, 28.4567186], [77.4952438, 28.4567323]]]}}, {"type": "Feature", "properties": {"fid": 575, "name": null, "area_m2": 100.356, "est_height": 6.0, "building": "yes", "floor_count": 2, "source_layer": "Layer2-preprocessed", "preprocessed_at": "2026-09-11T18:39:07.043609+00:00"}, "geometry": {"type": "Polygon", "coordinates": [[[77.4941858, 28.4616096], [77.4942772, 28.461517], [77.4943296, 28.461557], [77.4942325, 28.4616554], [77.4942201, 28.4616459], [77.4942132, 28.4616529], [77.4941862, 28.4616323], [77.4941988, 28.4616195], [77.4941858, 28.4616096]]]}}]}